	EC number
0	6.3.1.11
1	1.13.11.31
2	2.1.1.334
3	5.4.99.52
4	3.1.30.1
5	2.1.1.103
6	2.1.1.205
7	7.4.2.5
8	2.4.2.31
9	2.4.2.52
10	3.1.3.23
11	1.4.99.6
12	3.2.1.117
13	2.7.1.8
14	4.2.3.146
15	5.1.3.8
16	1.3.1.100
17	4.2.3.147
18	2.1.1.191
19	4.1.1.44
20	3.1.11.5
21	3.6.5.2
22	1.6.3.1
23	2.7.8.13
24	2.3.1.26
25	2.1.1.117
26	1.1.1.1
27	2.3.1.6
28	2.6.1.64
29	4.2.2.5
30	3.1.3.78
31	1.1.1.300
32	1.13.11.80
33	6.1.1.12
34	2.4.1.150
35	2.4.1.264
36	1.5.3.22
37	2.3.1.195
38	2.8.3.16
39	1.1.1.421
40	2.5.1.7
41	1.1.1.206
42	4.2.1.172
43	6.3.4.4
44	1.13.11.16
45	2.3.3.18
46	7.3.2.7
47	2.4.1.5
48	3.2.1.83
49	3.3.2.11
50	3.4.11.22
51	2.7.4.31
52	3.6.1.57
53	1.3.5.2
54	2.6.1.86
55	4.2.2.9
56	2.4.1.231
57	1.14.13.114
58	5.4.99.43
59	7.2.2.4
60	3.4.11.9
61	3.4.24.1
62	2.2.1.3
63	3.3.2.9
64	3.6.1.23
65	3.1.3.81
66	2.6.1.17
67	1.14.14.105
68	3.1.1.99
69	4.1.1.96
70	1.97.1.2
71	5.1.1.24
72	1.14.19.5
73	2.1.2.10
74	4.1.99.19
75	2.4.1.350
76	2.4.1.298
77	2.3.1.205
78	2.1.1.364
79	2.1.1.133
80	4.2.1.81
81	2.7.1.153
82	6.5.1.7
83	1.14.99.65
84	2.4.99.6
85	3.4.19.5
86	5.5.1.20
87	1.1.5.2
88	2.4.99.19
89	2.1.1.316
90	3.1.3.82
91	1.14.13.195
92	2.3.1.192
93	2.5.1.113
94	2.1.1.313
95	2.7.2.17
96	2.7.8.27
97	1.14.11.39
98	2.3.1.28
99	2.3.1.76
100	1.3.1.32
101	2.8.5.2
102	1.4.1.16
103	1.8.98.4
104	2.3.1.251
105	2.7.7.105
106	5.4.99.15
107	1.1.3.5
108	6.2.1.40
109	1.8.3.2
110	2.7.2.16
111	2.1.1.151
112	1.11.1.8
113	3.4.22.14
114	4.2.3.27
115	2.8.2.23
116	3.2.1.25
117	4.1.2.47
118	3.2.1.185
119	1.1.1.302
120	2.1.1.132
121	3.2.1.89
122	2.5.1.16
123	2.4.1.62
124	1.1.5.13
125	2.7.1.138
126	3.5.4.44
127	3.5.99.2
128	1.13.12.13
129	3.5.1.105
130	1.17.1.4
131	2.7.1.189
132	5.3.1.16
133	1.1.1.415
134	1.14.13.63
135	2.4.1.329
136	2.3.1.13
137	2.1.1.254
138	3.1.11.2
139	2.6.1.106
140	1.10.3.9
141	1.1.1.330
142	1.14.14.25
143	6.2.1.33
144	1.1.1.340
145	6.3.2.58
146	3.1.3.69
147	5.2.1.12
148	2.1.1.186
149	5.5.1.9
150	4.1.1.20
151	4.2.3.121
152	4.1.1.48
153	4.1.1.49
154	4.1.1.55
155	2.5.1.143
156	2.1.2.9
157	2.1.1.129
158	5.4.99.28
159	1.14.12.15
160	3.5.1.135
161	5.6.2.2
162	2.2.1.1
163	6.3.5.1
164	2.7.7.69
165	4.2.3.97
166	3.4.24.12
167	2.8.3.17
168	2.3.1.68
169	1.1.1.33
170	2.1.1.265
171	2.4.1.33
172	4.2.1.150
173	3.6.5.5
174	6.1.1.23
175	4.3.2.9
176	6.1.1.22
177	2.4.1.208
178	2.5.1.145
179	1.2.1.8
180	2.7.7.99
181	1.21.4.4
182	3.1.7.10
183	3.4.24.66
184	3.4.17.10
185	2.1.1.180
186	7.2.2.16
187	6.1.2.1
188	2.3.2.28
189	2.1.2.3
190	3.2.1.161
191	2.4.1.121
192	4.2.1.136
193	3.5.4.9
194	2.5.1.139
195	2.6.1.111
196	2.7.14.1
197	1.5.99.13
198	2.4.2.1
199	5.4.2.10
200	3.1.3.60
201	1.23.1.4
202	2.4.1.60
203	3.1.1.42
204	3.4.22.28
205	2.6.1.4
206	2.7.8.33
207	1.2.1.92
208	1.1.3.8
209	3.2.1.186
210	2.8.3.9
211	2.1.1.169
212	3.4.17.24
213	4.1.1.32
214	6.2.1.64
215	7.4.2.4
216	5.4.99.35
217	1.13.12.7
218	1.3.1.n3
219	7.4.2.9
220	1.1.1.410
221	3.2.1.130
222	1.1.1.360
223	2.4.1.265
224	4.2.1.77
225	2.7.1.107
226	5.5.1.7
227	1.20.4.3
228	1.1.1.298
229	5.4.3.2
230	2.4.1.25
231	3.4.17.6
232	2.1.1.112
233	1.8.5.5
234	1.13.11.49
235	2.1.3.6
236	4.2.1.156
237	5.1.3.38
238	2.4.1.324
239	3.1.2.6
240	6.6.1.2
241	3.5.3.23
242	7.5.2.9
243	5.1.1.1
244	6.2.1.56
245	1.1.1.94
246	3.4.23.18
247	2.3.1.91
248	1.1.3.41
249	6.2.1.24
250	1.14.14.98
251	1.14.14.1
252	1.5.99.15
253	4.2.1.158
254	2.5.1.75
255	4.1.1.17
256	7.6.2.16
257	2.7.1.163
258	2.1.1.98
259	2.4.99.7
260	3.5.1.11
261	5.3.99.3
262	2.6.1.2
263	1.13.11.73
264	7.2.2.8
265	2.3.1.95
266	2.1.1.247
267	6.3.2.47
268	3.4.24.74
269	2.1.1.20
270	2.4.1.50
271	5.3.1.7
272	1.2.1.50
273	6.1.1.9
274	3.1.4.50
275	1.14.14.123
276	3.1.6.14
277	2.4.2.45
278	1.1.1.399
279	5.1.1.22
280	3.5.1.94
281	2.4.1.63
282	2.1.1.179
283	6.2.1.16
284	1.11.1.25
285	2.7.1.157
286	3.13.1.3
287	1.16.1.9
288	2.8.2.38
289	1.2.1.106
290	2.4.1.224
291	2.7.2.2
292	1.1.1.276
293	3.4.19.1
294	4.2.3.145
295	3.5.1.26
296	2.4.1.144
297	2.3.1.227
298	4.2.3.58
299	2.4.1.32
300	1.4.3.2
301	1.14.14.58
302	1.14.13.223
303	2.7.11.20
304	1.1.1.315
305	2.7.11.19
306	3.7.1.19
307	3.4.23.2
308	2.7.7.66
309	1.6.5.4
310	3.2.1.11
311	3.4.22.42
312	2.4.1.43
313	5.3.3.6
314	3.5.1.100
315	1.14.11.45
316	2.4.1.214
317	2.7.1.165
318	1.14.15.14
319	3.2.1.73
320	1.1.1.20
321	1.14.19.14
322	3.5.99.6
323	2.1.1.150
324	1.13.12.16
325	1.14.19.34
326	2.1.1.67
327	4.1.1.85
328	1.14.14.40
329	3.1.3.84
330	1.3.1.102
331	4.2.3.18
332	2.6.1.84
333	1.1.1.40
334	1.13.11.15
335	2.4.1.100
336	1.1.1.19
337	3.1.21.4
338	2.4.1.109
339	2.7.1.78
340	5.4.99.66
341	5.3.3.1
342	2.5.1.54
343	4.2.1.82
344	4.1.1.90
345	1.6.5.12
346	1.1.1.404
347	2.4.1.101
348	2.1.1.70
349	6.3.4.18
350	2.3.1.153
351	1.1.1.58
352	4.2.3.40
353	7.6.2.6
354	3.4.23.34
355	2.3.1.183
356	1.14.14.68
357	5.4.4.4
358	1.3.3.14
359	1.1.1.112
360	1.1.1.372
361	4.2.3.90
362	1.14.14.61
363	3.5.1.3
364	1.14.14.106
365	1.6.5.6
366	4.2.1.24
367	1.3.1.81
368	2.5.1.93
369	2.5.1.78
370	4.2.2.2
371	1.2.1.31
372	6.2.1.37
373	1.3.8.17
374	1.3.8.11
375	2.7.1.119
376	3.1.1.59
377	5.4.4.1
378	1.14.14.52
379	1.5.1.2
380	2.3.1.198
381	1.14.11.4
382	1.17.4.2
383	4.2.3.62
384	6.3.5.5
385	1.2.5.3
386	3.4.24.16
387	3.2.1.176
388	2.4.1.331
389	2.1.1.109
390	4.4.1.14
391	2.1.4.1
392	6.1.1.26
393	4.2.3.144
394	3.1.1.67
395	1.14.13.163
396	1.14.19.10
397	3.2.1.102
398	2.3.1.n5
399	3.1.1.45
400	5.3.99.10
401	1.1.98.2
402	2.4.1.16
403	3.4.24.53
404	2.8.2.34
405	3.2.1.131
406	4.2.1.155
407	1.2.99.6
408	6.3.4.22
409	3.8.1.10
410	1.14.14.30
411	3.4.22.61
412	1.14.13.166
413	3.2.1.188
414	2.4.2.3
415	4.1.1.109
416	4.1.99.23
417	1.1.1.367
418	1.1.3.43
419	4.1.3.24
420	1.3.5.4
421	3.2.2.n1
422	2.7.7.88
423	5.1.3.13
424	5.4.99.17
425	1.5.1.44
426	3.1.1.25
427	3.2.1.n2
428	6.3.2.53
429	1.14.14.81
430	2.8.1.13
431	3.7.1.7
432	3.5.4.40
433	3.1.12.1
434	7.2.4.3
435	3.5.4.6
436	1.14.14.125
437	1.1.1.256
438	2.1.1.258
439	1.5.1.21
440	6.3.3.5
441	1.14.14.127
442	4.2.3.74
443	4.2.2.20
444	5.1.3.25
445	2.3.1.157
446	1.14.15.9
447	2.5.1.114
448	4.1.1.97
449	7.5.2.3
450	2.3.1.59
451	3.4.24.32
452	4.3.2.3
453	2.8.4.1
454	1.14.20.11
455	2.4.1.206
456	2.4.99.20
457	2.3.1.167
458	3.4.21.43
459	5.3.3.7
460	1.1.1.287
461	4.2.1.35
462	1.14.14.71
463	1.14.18.5
464	4.2.1.124
465	2.4.1.376
466	3.1.1.10
467	6.3.2.1
468	2.3.1.109
469	1.1.3.6
470	1.1.1.181
471	4.1.1.82
472	3.4.13.9
473	2.6.1.107
474	3.5.4.26
475	3.6.1.43
476	2.5.1.83
477	4.2.3.26
478	1.14.13.234
479	3.2.1.23
480	1.14.18.4
481	1.1.1.328
482	5.5.1.28
483	2.3.2.22
484	2.4.1.352
485	2.7.1.144
486	6.3.3.4
487	1.14.99.n4
488	2.7.1.212
489	6.3.4.14
490	3.4.14.12
491	6.3.2.26
492	1.14.19.n4
493	3.5.1.115
494	4.1.99.14
495	1.2.1.47
496	2.7.8.14
497	2.5.1.21
498	5.3.1.25
499	3.6.1.10
500	2.7.7.56
501	1.14.13.128
502	1.13.11.38
503	7.6.2.4
504	1.11.2.5
505	2.4.2.51
506	2.7.7.97
507	1.1.1.50
508	2.4.1.236
509	1.11.1.16
510	4.2.1.113
511	3.2.1.167
512	1.3.8.5
513	1.3.8.16
514	2.1.1.367
515	2.1.1.345
516	1.13.11.58
517	3.2.1.169
518	2.7.8.7
519	1.20.9.1
520	1.13.11.33
521	2.8.1.6
522	2.4.1.339
523	1.1.1.407
524	2.7.1.226
525	2.1.1.332
526	2.4.1.287
527	1.7.1.16
528	2.3.1.194
529	3.2.2.26
530	3.2.2.3
531	5.99.1.4
532	1.4.1.13
533	2.7.1.31
534	4.2.1.125
535	1.2.1.70
536	1.1.1.395
537	2.7.1.175
538	2.1.1.64
539	2.1.1.239
540	6.3.4.16
541	4.1.2.49
542	1.14.12.1
543	2.3.1.224
544	3.6.1.69
545	3.4.13.22
546	3.1.3.71
547	2.5.1.10
548	1.14.13.n7
549	1.5.1.19
550	1.14.14.76
551	2.4.1.8
552	3.4.19.16
553	2.1.1.268
554	7.2.1.2
555	1.14.14.164
556	3.1.6.18
557	3.5.1.118
558	3.5.2.7
559	1.5.8.2
560	4.2.3.10
561	2.3.1.47
562	4.1.1.23
563	5.3.3.23
564	3.2.1.31
565	4.3.1.3
566	1.14.19.30
567	1.14.14.55
568	3.1.2.2
569	2.3.1.5
570	2.4.1.131
571	1.3.1.115
572	3.1.3.75
573	1.1.99.37
574	1.1.1.239
575	2.1.3.1
576	2.4.1.294
577	4.2.3.69
578	1.10.3.4
579	2.7.1.86
580	6.2.1.25
581	1.8.1.12
582	1.14.15.21
583	1.3.99.29
584	4.1.99.26
585	2.7.1.205
586	3.4.21.46
587	5.5.1.19
588	2.7.3.4
589	2.3.3.14
590	4.2.1.107
591	2.4.1.363
592	1.10.3.16
593	1.3.1.112
594	4.2.3.8
595	4.99.1.6
596	3.4.23.50
597	2.1.1.101
598	4.2.3.75
599	1.1.1.25
600	3.1.4.16
601	1.1.1.308
602	2.1.1.62
603	2.4.1.355
604	4.2.3.9
605	2.4.2.53
606	1.3.1.91
607	2.1.1.190
608	1.8.3.1
609	3.4.21.81
610	2.4.1.338
611	1.13.11.81
612	3.2.1.65
613	2.5.1.89
614	1.1.1.159
615	4.2.1.96
616	2.3.1.276
617	3.6.1.16
618	1.14.15.5
619	3.4.21.73
620	1.3.3.6
621	2.7.1.167
622	3.4.25.1
623	2.1.1.176
624	6.2.1.61
625	3.2.2.20
626	3.5.4.34
627	1.13.11.91
628	3.5.1.79
629	1.12.1.5
630	1.14.14.83
631	2.7.1.156
632	4.2.3.193
633	4.3.1.25
634	4.2.1.50
635	1.14.14.109
636	1.1.1.157
637	4.2.3.13
638	2.3.1.263
639	3.6.1.28
640	1.14.12.26
641	4.1.1.11
642	2.6.1.103
643	5.3.1.24
644	1.2.1.24
645	2.3.1.160
646	1.3.1.9
647	2.4.99.4
648	1.3.1.57
649	1.14.14.116
650	1.1.3.21
651	2.6.1.99
652	4.1.1.65
653	5.4.99.37
654	3.1.1.115
655	1.8.3.5
656	1.1.98.3
657	2.4.1.122
658	7.1.1.7
659	2.3.1.219
660	1.3.1.97
661	2.1.1.156
662	2.3.2.35
663	2.5.1.17
664	4.2.3.78
665	1.8.1.18
666	2.7.13.3
667	4.1.1.100
668	1.1.1.163
669	1.3.7.4
670	3.6.1.53
671	1.14.19.29
672	2.3.1.291
673	2.7.1.28
674	2.8.4.4
675	1.1.99.31
676	4.2.3.163
677	4.2.3.133
678	1.15.1.2
679	2.3.1.61
680	2.7.4.34
681	1.1.1.122
682	5.5.1.13
683	1.14.13.1
684	2.1.1.168
685	3.4.23.4
686	3.4.22.70
687	1.1.1.n4
688	1.2.99.7
689	1.3.99.17
690	1.5.1.37
691	1.14.14.18
692	3.1.1.78
693	2.3.1.268
694	2.5.1.115
695	5.1.3.35
696	3.5.5.5
697	5.5.1.18
698	3.4.17.1
699	2.3.1.245
700	3.4.15.1
701	4.2.3.191
702	1.21.3.3
703	2.8.1.12
704	1.1.1.339
705	6.3.4.24
706	1.3.1.19
707	3.1.3.5
708	1.1.1.90
709	3.2.1.45
710	4.2.1.48
711	1.3.1.120
712	2.1.1.72
713	5.3.2.3
714	1.14.13.84
715	1.1.1.173
716	1.3.7.8
717	2.1.1.221
718	3.4.21.6
719	1.1.1.332
720	3.9.1.3
721	2.1.1.45
722	5.3.1.12
723	1.1.1.375
724	4.2.3.1
725	2.3.1.199
726	4.3.1.14
727	5.3.3.22
728	1.3.7.1
729	2.1.1.146
730	2.7.1.82
731	6.2.1.70
732	2.4.1.297
733	3.1.26.8
734	1.12.98.3
735	1.1.1.39
736	1.13.11.68
737	2.4.1.7
738	3.2.1.17
739	3.4.21.2
740	1.3.1.87
741	2.3.1.170
742	3.2.1.125
743	1.17.1.8
744	2.1.1.297
745	2.6.1.16
746	2.7.1.4
747	3.4.24.73
748	3.1.1.64
749	4.2.1.157
750	2.7.12.1
751	2.4.1.13
752	2.1.3.3
753	1.14.14.32
754	6.3.2.46
755	3.1.1.35
756	1.2.98.1
757	1.1.1.376
758	3.2.1.6
759	2.1.1.336
760	3.2.2.1
761	4.2.3.137
762	3.1.6.6
763	2.5.1.109
764	2.7.6.5
765	1.1.1.37
766	2.7.1.217
767	1.1.1.261
768	5.1.3.14
769	1.14.14.87
770	4.2.2.15
771	2.3.1.288
772	2.3.1.169
773	1.1.1.270
774	4.1.2.25
775	1.1.1.402
776	5.4.99.39
777	6.3.4.23
778	1.14.11.52
779	3.1.3.32
780	3.5.1.29
781	1.8.98.6
782	3.1.1.17
783	2.1.1.145
784	3.5.1.54
785	2.4.1.327
786	6.3.1.12
787	3.5.1.131
788	2.1.1.4
789	2.1.1.193
790	1.2.1.96
791	3.1.3.85
792	1.8.4.13
793	1.8.1.5
794	3.4.22.45
795	1.1.1.146
796	3.5.3.3
797	1.13.11.9
798	3.4.24.71
799	4.2.3.131
800	1.2.3.5
801	2.7.1.17
802	1.14.13.105
803	1.1.3.15
804	3.4.24.24
805	3.1.13.1
806	3.6.1.71
807	3.6.4.6
808	1.3.1.114
809	2.4.1.305
810	2.6.1.11
811	1.14.18.1
812	4.2.3.118
813	2.1.1.293
814	3.4.23.24
815	5.3.2.1
816	4.4.1.26
817	4.1.2.44
818	1.1.1.88
819	3.5.4.15
820	3.5.1.9
821	4.2.3.126
822	1.14.11.36
823	5.2.1.2
824	1.14.14.24
825	1.1.1.343
826	2.1.1.175
827	1.1.1.73
828	1.1.1.387
829	7.4.2.6
830	1.2.1.22
831	5.4.99.18
832	2.7.1.197
833	2.5.1.23
834	2.7.1.113
835	4.2.3.81
836	2.7.7.13
837	1.8.5.4
838	4.1.1.51
839	3.5.4.13
840	4.2.3.168
841	3.1.2.28
842	1.8.4.12
843	4.2.3.47
844	3.7.1.1
845	3.1.4.58
846	2.6.1.19
847	3.1.1.5
848	4.2.3.83
849	2.1.1.56
850	4.1.1.59
851	1.1.99.35
852	3.5.2.17
853	1.2.1.38
854	3.5.4.46
855	3.2.2.17
856	3.4.14.13
857	1.2.1.100
858	1.14.14.48
859	2.7.1.188
860	2.5.1.19
861	1.5.3.18
862	4.2.3.115
863	1.3.99.30
864	3.4.24.46
865	1.14.11.33
866	2.4.1.274
867	4.6.1.18
868	1.13.12.22
869	3.2.1.32
870	2.7.1.101
871	2.4.1.344
872	1.14.14.153
873	4.1.1.80
874	4.2.3.104
875	3.5.1.86
876	3.2.1.178
877	3.8.1.7
878	3.5.3.22
879	1.14.17.1
880	2.4.1.268
881	1.14.19.31
882	1.17.2.1
883	2.1.1.171
884	3.4.22.10
885	3.4.11.18
886	3.6.1.7
887	2.4.2.46
888	3.4.11.25
889	1.1.1.132
890	6.1.1.5
891	2.7.1.58
892	3.5.2.15
893	2.7.11.10
894	2.7.3.5
895	2.8.3.15
896	1.11.1.20
897	1.1.1.289
898	3.2.1.60
899	2.7.8.45
900	3.4.17.13
901	5.1.1.19
902	1.2.1.75
903	3.1.1.2
904	6.2.1.13
905	1.1.1.307
906	3.1.1.84
907	1.6.5.9
908	5.3.1.31
909	3.5.1.10
910	2.4.1.269
911	4.2.3.19
912	1.14.15.15
913	3.4.24.56
914	1.3.1.34
915	1.14.14.129
916	2.3.1.191
917	2.7.1.148
918	2.5.1.125
919	1.14.11.65
920	2.7.7.85
921	1.1.1.116
922	2.4.2.62
923	3.7.1.11
924	4.1.1.73
925	4.2.3.45
926	2.7.8.42
927	3.2.1.182
928	5.1.3.21
929	1.1.1.382
930	4.3.1.23
931	2.8.2.3
932	4.2.3.149
933	1.14.14.103
934	2.1.1.85
935	2.4.2.26
936	1.4.99.5
937	1.12.7.2
938	1.14.13.43
939	3.1.1.41
940	3.2.1.165
941	3.4.24.77
942	2.1.1.213
943	3.4.21.88
944	1.2.1.13
945	2.3.2.26
946	1.1.1.383
947	5.1.3.11
948	3.4.21.27
949	1.14.19.49
950	7.2.2.15
951	2.1.1.329
952	3.2.1.142
953	1.11.1.27
954	3.1.11.1
955	4.1.1.114
956	1.14.20.6
957	3.4.21.69
958	1.97.1.9
959	3.2.1.2
960	3.7.1.14
961	1.14.14.36
962	4.2.2.8
963	4.2.3.72
964	6.2.1.9
965	1.14.14.74
966	2.5.1.42
967	4.2.1.115
968	3.10.1.1
969	3.5.1.108
970	1.12.2.1
971	1.14.12.10
972	3.4.23.22
973	4.4.1.24
974	2.5.1.22
975	4.1.1.111
976	1.3.1.78
977	4.2.3.43
978	2.7.7.81
979	2.5.1.137
980	2.7.4.23
981	1.5.98.1
982	4.2.3.105
983	3.2.2.2
984	3.1.1.73
985	6.3.1.19
986	1.11.1.13
987	2.7.11.25
988	1.5.1.16
989	1.14.14.51
990	3.5.1.83
991	5.1.99.8
992	4.1.3.4
993	3.1.1.4
994	2.1.1.283
995	2.6.1.59
996	3.4.23.29
997	1.3.1.75
998	1.11.1.2
999	1.13.11.75
1000	2.1.1.321
1001	2.7.4.2
1002	4.2.1.33
1003	1.11.2.2
1004	1.1.1.304
1005	2.1.1.251
1006	1.4.1.23
1007	2.7.1.223
1008	1.5.1.9
1009	1.1.1.248
1010	3.1.6.15
1011	2.4.2.60
1012	3.4.22.16
1013	1.1.1.102
1014	1.1.1.364
1015	1.13.11.45
1016	5.5.1.34
1017	2.7.1.19
1018	6.3.4.2
1019	1.14.11.25
1020	3.8.1.2
1021	3.1.3.50
1022	3.5.3.26
1023	1.14.19.12
1024	2.3.1.149
1025	2.4.1.332
1026	3.4.11.10
1027	3.4.24.25
1028	1.3.1.33
1029	3.1.2.23
1030	4.2.3.153
1031	3.1.2.29
1032	2.1.1.300
1033	3.4.15.6
1034	4.1.99.3
1035	1.14.18.12
1036	2.1.1.210
1037	1.1.1.357
1038	4.2.1.129
1039	3.1.3.57
1040	4.6.1.12
1041	1.1.1.64
1042	1.1.1.247
1043	4.1.1.99
1044	5.3.3.4
1045	3.4.24.36
1046	2.3.1.226
1047	2.7.4.14
1048	3.4.21.109
1049	1.14.19.71
1050	3.4.22.33
1051	4.2.1.103
1052	3.1.21.2
1053	2.7.1.2
1054	7.5.2.7
1055	3.2.1.7
1056	1.3.8.4
1057	7.2.2.17
1058	6.3.1.21
1059	4.99.1.4
1060	2.4.1.357
1061	2.3.1.214
1062	2.3.1.270
1063	3.6.1.6
1064	1.14.19.42
1065	3.7.1.4
1066	6.3.2.25
1067	1.2.1.68
1068	1.14.19.61
1069	1.14.18.7
1070	2.1.1.106
1071	3.6.1.29
1072	3.1.4.14
1073	1.13.11.29
1074	4.6.1.24
1075	3.1.1.75
1076	1.17.98.4
1077	4.1.3.26
1078	4.2.3.151
1079	3.5.3.11
1080	1.14.14.147
1081	1.6.5.5
1082	3.5.4.32
1083	1.13.11.3
1084	3.7.1.3
1085	1.14.13.171
1086	3.4.11.14
1087	3.7.1.22
1088	1.14.11.47
1089	1.14.13.218
1090	3.1.21.9
1091	3.1.3.21
1092	1.14.12.14
1093	2.4.1.260
1094	2.5.1.56
1095	5.1.3.32
1096	2.3.3.17
1097	5.3.2.2
1098	1.2.1.27
1099	1.8.4.9
1100	2.1.1.207
1101	1.1.99.28
1102	7.1.1.6
1103	1.3.1.121
1104	3.2.1.40
1105	6.3.2.38
1106	1.1.99.42
1107	4.1.99.17
1108	4.1.1.1
1109	1.21.4.2
1110	1.3.1.92
1111	1.2.1.94
1112	3.7.1.8
1113	5.4.99.56
1114	2.4.1.91
1115	1.1.1.348
1116	4.2.3.198
1117	2.4.1.322
1118	1.17.1.3
1119	1.14.14.175
1120	2.3.1.271
1121	3.1.3.39
1122	1.1.1.373
1123	3.1.3.63
1124	2.4.1.149
1125	3.4.22.48
1126	2.1.1.296
1127	3.1.3.46
1128	6.2.1.36
1129	2.7.1.171
1130	1.7.3.3
1131	2.4.2.61
1132	4.1.1.21
1133	5.4.99.1
1134	1.1.1.n5
1135	5.5.1.30
1136	1.14.99.53
1137	4.2.3.31
1138	6.3.3.1
1139	3.1.21.3
1140	2.7.8.23
1141	2.4.1.306
1142	4.2.3.120
1143	1.1.99.6
1144	2.7.4.16
1145	4.2.2.n2
1146	3.4.11.15
1147	1.14.19.25
1148	4.2.3.154
1149	3.1.3.96
1150	3.2.1.143
1151	6.1.1.7
1152	6.2.1.49
1153	2.7.1.178
1154	3.5.1.49
1155	5.4.3.10
1156	6.3.5.9
1157	2.7.2.3
1158	2.7.1.47
1159	1.7.1.7
1160	3.2.1.171
1161	3.4.21.34
1162	3.1.1.93
1163	4.2.1.36
1164	4.4.1.35
1165	3.4.22.32
1166	2.7.4.9
1167	2.7.1.25
1168	3.1.2.22
1169	2.1.1.233
1170	3.5.1.130
1171	2.4.1.14
1172	3.1.1.15
1173	5.1.3.31
1174	3.2.1.170
1175	2.7.1.67
1176	2.4.1.217
1177	5.3.99.2
1178	1.14.13.149
1179	2.5.1.130
1180	1.14.99.51
1181	2.3.1.258
1182	3.1.2.3
1183	1.14.19.41
1184	1.14.13.219
1185	3.6.1.13
1186	7.2.2.21
1187	1.1.1.101
1188	2.1.1.271
1189	4.2.1.142
1190	1.14.14.163
1191	3.4.24.63
1192	3.1.4.1
1193	5.1.99.5
1194	1.3.1.88
1195	4.2.3.22
1196	2.4.1.153
1197	2.7.8.36
1198	4.2.3.50
1199	5.4.99.5
1200	2.3.1.232
1201	4.3.1.15
1202	4.1.2.9
1203	1.21.99.3
1204	1.14.19.68
1205	1.14.14.169
1206	1.2.1.67
1207	2.5.1.138
1208	2.7.7.n1
1209	1.2.1.79
1210	5.4.99.16
1211	3.8.1.5
1212	1.4.1.4
1213	1.3.1.76
1214	4.2.1.78
1215	2.7.7.48
1216	2.1.1.264
1217	3.5.5.4
1218	1.3.8.7
1219	1.1.2.8
1220	4.99.1.3
1221	2.4.1.52
1222	1.14.17.3
1223	6.5.1.3
1224	2.1.1.199
1225	1.1.99.36
1226	4.1.1.52
1227	3.1.1.n2
1228	4.2.3.44
1229	1.5.1.3
1230	1.13.11.74
1231	1.3.3.5
1232	2.4.2.47
1233	1.1.1.377
1234	1.1.1.411
1235	1.4.1.21
1236	4.2.1.67
1237	2.3.1.248
1238	1.12.98.4
1239	3.1.7.12
1240	4.2.3.186
1241	1.14.14.114
1242	2.5.1.135
1243	1.8.1.19
1244	1.1.1.22
1245	1.14.19.50
1246	3.6.1.5
1247	1.18.6.1
1248	1.14.20.8
1249	3.4.21.62
1250	4.2.3.174
1251	4.2.1.145
1252	2.8.1.11
1253	2.1.1.235
1254	2.4.1.301
1255	2.7.1.50
1256	4.2.3.5
1257	3.1.16.1
1258	3.4.21.68
1259	1.14.11.64
1260	4.2.3.140
1261	1.14.15.39
1262	3.5.1.2
1263	1.1.1.251
1264	1.14.11.11
1265	7.2.4.2
1266	2.7.7.14
1267	5.3.1.35
1268	2.6.1.96
1269	4.4.1.17
1270	3.1.1.11
1271	3.4.21.83
1272	2.1.1.368
1273	3.4.23.5
1274	3.4.24.82
1275	1.3.5.6
1276	1.14.14.28
1277	6.3.4.10
1278	1.7.6.1
1279	4.1.3.39
1280	4.2.1.25
1281	2.3.1.265
1282	6.3.2.45
1283	4.3.2.2
1284	1.2.1.80
1285	2.3.2.34
1286	2.7.11.21
1287	4.1.1.50
1288	3.1.1.27
1289	2.5.1.70
1290	1.1.1.189
1291	3.4.13.21
1292	2.4.1.146
1293	2.3.1.107
1294	4.4.1.37
1295	2.7.1.170
1296	3.1.26.1
1297	3.4.11.26
1298	2.4.1.132
1299	3.5.3.10
1300	6.3.2.10
1301	3.5.1.122
1302	3.5.2.19
1303	3.4.11.17
1304	1.12.1.2
1305	1.14.20.7
1306	1.10.3.2
1307	4.2.1.120
1308	5.1.99.7
1309	2.7.1.137
1310	2.7.8.1
1311	4.1.1.43
1312	2.7.7.24
1313	1.14.11.42
1314	3.4.14.1
1315	1.3.1.119
1316	1.3.3.12
1317	4.2.1.22
1318	4.2.1.153
1319	2.1.1.246
1320	1.16.1.6
1321	6.3.2.42
1322	2.5.1.43
1323	1.1.1.62
1324	3.5.4.2
1325	3.4.24.64
1326	4.1.3.46
1327	2.1.1.198
1328	2.3.2.18
1329	1.14.11.n4
1330	2.1.1.361
1331	4.2.1.174
1332	1.11.1.6
1333	4.1.1.45
1334	4.1.1.28
1335	2.4.2.10
1336	6.3.4.21
1337	2.4.1.253
1338	2.5.1.136
1339	6.3.2.14
1340	3.2.1.81
1341	4.1.1.72
1342	2.4.1.80
1343	5.3.2.6
1344	1.14.11.15
1345	2.7.1.76
1346	4.2.1.121
1347	1.1.1.283
1348	1.3.1.123
1349	1.2.1.11
1350	1.2.1.12
1351	6.1.1.11
1352	1.14.13.244
1353	2.8.2.5
1354	2.3.2.6
1355	2.3.1.155
1356	3.5.4.37
1357	3.1.2.21
1358	3.1.3.105
1359	4.2.1.10
1360	7.5.2.11
1361	3.1.3.10
1362	1.7.1.6
1363	3.13.1.7
1364	3.5.1.136
1365	2.4.2.50
1366	1.14.19.51
1367	1.4.3.10
1368	4.2.2.7
1369	5.1.3.7
1370	2.4.1.309
1371	1.17.99.3
1372	4.1.1.18
1373	4.1.1.35
1374	1.18.1.1
1375	1.4.1.20
1376	2.5.1.128
1377	2.8.2.11
1378	2.8.2.37
1379	6.3.2.34
1380	3.4.21.49
1381	2.7.7.78
1382	1.14.11.n2
1383	1.3.5.5
1384	1.13.11.37
1385	6.3.4.13
1386	2.1.1.10
1387	1.6.3.2
1388	2.1.1.154
1389	1.3.1.84
1390	1.3.98.1
1391	2.7.11.23
1392	4.1.1.102
1393	2.1.1.294
1394	4.1.2.61
1395	1.3.1.71
1396	1.3.1.107
1397	4.1.2.59
1398	1.14.99.67
1399	1.14.14.45
1400	2.5.1.n9
1401	4.2.1.28
1402	2.3.1.189
1403	2.8.3.8
1404	3.4.23.15
1405	2.3.2.5
1406	1.14.99.62
1407	2.4.2.4
1408	2.3.2.29
1409	5.4.99.12
1410	3.5.1.92
1411	2.6.1.66
1412	1.1.1.316
1413	1.14.19.77
1414	1.1.1.23
1415	1.5.4.1
1416	2.1.1.152
1417	3.1.1.26
1418	1.14.11.31
1419	1.14.14.156
1420	2.5.1.142
1421	4.99.1.10
1422	1.14.14.94
1423	1.3.1.60
1424	3.1.3.34
1425	3.2.1.154
1426	2.1.1.249
1427	3.1.3.66
1428	4.2.1.137
1429	5.3.3.21
1430	1.14.99.15
1431	2.1.1.352
1432	3.5.99.8
1433	4.2.3.70
1434	1.14.11.51
1435	2.1.1.261
1436	3.1.1.82
1437	1.14.13.237
1438	3.1.4.2
1439	1.3.1.38
1440	2.7.7.62
1441	5.4.99.51
1442	3.5.4.41
1443	1.14.15.30
1444	1.9.6.1
1445	7.6.2.13
1446	5.4.3.3
1447	1.14.14.152
1448	4.2.3.176
1449	2.3.3.5
1450	3.2.1.101
1451	2.1.3.10
1452	2.4.2.58
1453	1.3.98.3
1454	1.7.1.15
1455	2.1.1.275
1456	1.21.98.4
1457	2.4.2.19
1458	2.3.1.18
1459	1.1.1.420
1460	1.14.11.56
1461	3.2.1.166
1462	1.14.15.17
1463	3.2.1.n3
1464	4.2.2.3
1465	2.7.7.4
1466	2.6.1.114
1467	2.1.1.128
1468	3.6.1.55
1469	1.8.1.8
1470	2.3.1.n6
1471	1.14.99.66
1472	3.6.1.52
1473	3.2.1.18
1474	1.13.11.24
1475	2.1.1.232
1476	1.3.1.96
1477	1.2.1.7
1478	2.7.11.4
1479	4.3.2.5
1480	3.5.1.18
1481	1.14.99.63
1482	1.5.1.5
1483	4.1.1.2
1484	1.21.3.6
1485	1.1.99.40
1486	5.3.1.28
1487	2.6.1.81
1488	3.2.1.46
1489	2.3.3.19
1490	2.7.8.37
1491	3.4.21.82
1492	2.1.1.306
1493	2.7.1.194
1494	2.1.1.333
1495	3.1.1.1
1496	3.5.1.13
1497	1.1.99.38
1498	1.7.1.4
1499	3.4.13.23
1500	2.8.2.4
1501	3.1.1.112
1502	1.2.1.83
1503	1.14.15.35
1504	2.7.9.2
1505	2.7.7.89
1506	2.4.1.276
1507	1.3.8.9
1508	1.14.13.122
1509	2.7.1.73
1510	1.3.1.124
1511	2.3.1.266
1512	1.1.1.72
1513	5.4.2.3
1514	2.6.1.14
1515	1.3.1.70
1516	1.3.1.13
1517	3.4.24.81
1518	5.1.1.8
1519	2.7.1.225
1520	2.5.1.61
1521	2.4.1.384
1522	2.3.1.158
1523	2.3.1.225
1524	3.2.2.31
1525	4.2.1.131
1526	1.14.15.13
1527	1.14.14.60
1528	1.1.1.301
1529	1.13.11.71
1530	1.4.3.26
1531	1.1.2.4
1532	1.13.11.12
1533	2.3.1.101
1534	1.1.1.178
1535	6.2.1.32
1536	1.4.3.25
1537	6.3.4.12
1538	2.7.1.108
1539	1.1.1.212
1540	3.13.1.8
1541	1.20.1.1
1542	2.7.2.15
1543	4.2.3.30
1544	4.2.1.76
1545	3.5.1.111
1546	3.3.1.1
1547	1.7.99.1
1548	1.14.14.128
1549	4.1.1.108
1550	4.7.1.1
1551	2.7.1.92
1552	3.2.1.141
1553	1.14.11.46
1554	3.2.1.184
1555	1.14.11.30
1556	1.17.99.9
1557	4.2.1.159
1558	3.4.11.6
1559	2.1.1.181
1560	6.2.1.7
1561	2.7.1.209
1562	3.1.1.32
1563	4.1.2.8
1564	2.3.1.172
1565	2.3.1.197
1566	2.1.1.137
1567	3.1.1.23
1568	4.2.1.1
1569	2.1.1.11
1570	3.2.1.196
1571	1.14.19.70
1572	2.4.99.18
1573	4.6.1.13
1574	1.14.14.108
1575	2.3.1.201
1576	1.1.3.9
1577	3.2.1.38
1578	6.3.2.5
1579	3.1.3.93
1580	1.14.13.7
1581	2.3.1.116
1582	2.5.1.121
1583	1.14.19.15
1584	2.1.1.100
1585	3.4.24.19
1586	3.1.1.74
1587	3.4.22.39
1588	4.3.99.3
1589	3.5.99.10
1590	4.1.2.48
1591	2.4.2.64
1592	1.1.1.66
1593	1.3.1.43
1594	4.2.3.130
1595	3.4.21.99
1596	4.5.1.5
1597	3.1.21.8
1598	2.1.1.220
1599	2.4.1.225
1600	5.1.1.20
1601	1.14.11.75
1602	3.1.3.106
1603	1.1.1.281
1604	2.1.1.182
1605	2.1.1.309
1606	2.1.1.318
1607	1.14.19.44
1608	1.14.13.239
1609	4.2.1.118
1610	6.1.1.15
1611	2.3.1.159
1612	2.3.1.275
1613	2.8.3.6
1614	1.3.99.38
1615	4.2.3.94
1616	2.1.1.299
1617	2.7.4.6
1618	4.2.1.171
1619	1.14.19.13
1620	1.1.1.336
1621	7.6.2.11
1622	4.1.2.17
1623	4.2.3.11
1624	1.5.3.13
1625	3.1.3.92
1626	2.1.1.242
1627	3.4.17.11
1628	3.4.24.55
1629	1.13.11.64
1630	3.1.3.22
1631	2.7.1.231
1632	4.2.1.167
1633	5.4.99.34
1634	2.5.1.32
1635	2.1.1.328
1636	2.4.1.79
1637	1.4.5.1
1638	3.4.24.34
1639	1.3.99.4
1640	2.7.7.19
1641	2.7.1.228
1642	2.3.1.293
1643	1.5.5.3
1644	2.1.1.57
1645	3.4.21.107
1646	1.14.11.28
1647	1.3.1.104
1648	2.7.4.26
1649	2.2.1.11
1650	3.3.2.10
1651	2.1.1.22
1652	2.6.1.22
1653	2.7.1.147
1654	1.2.1.89
1655	2.1.1.341
1656	1.1.1.138
1657	3.4.21.89
1658	2.1.1.215
1659	3.6.1.60
1660	2.7.1.200
1661	1.1.1.201
1662	2.7.1.230
1663	2.5.1.112
1664	3.1.3.90
1665	1.14.11.27
1666	1.3.8.12
1667	2.1.1.44
1668	1.14.19.64
1669	3.1.3.41
1670	1.14.14.90
1671	6.3.2.3
1672	5.1.1.17
1673	1.14.14.15
1674	1.14.14.16
1675	3.4.24.3
1676	6.3.4.15
1677	6.5.1.9
1678	2.7.11.18
1679	3.4.11.19
1680	1.2.1.69
1681	2.7.7.93
1682	6.2.1.47
1683	2.4.1.134
1684	2.1.1.219
1685	2.7.7.39
1686	1.5.1.11
1687	1.1.1.274
1688	3.8.1.9
1689	2.7.7.1
1690	4.1.1.7
1691	3.4.22.40
1692	1.2.1.85
1693	2.1.3.15
1694	1.13.11.18
1695	4.2.99.21
1696	3.1.1.86
1697	1.4.1.24
1698	3.1.1.103
1699	2.7.1.85
1700	1.1.1.18
1701	2.1.1.118
1702	3.4.21.94
1703	1.7.7.2
1704	3.2.1.26
1705	2.4.1.328
1706	4.1.1.121
1707	2.3.1.212
1708	2.4.1.44
1709	1.14.99.22
1710	1.14.19.23
1711	2.1.1.272
1712	1.16.1.7
1713	4.1.1.74
1714	3.5.1.46
1715	1.5.3.7
1716	2.3.1.67
1717	1.18.1.6
1718	2.7.7.102
1719	3.5.4.29
1720	2.8.1.2
1721	2.1.1.113
1722	2.1.1.325
1723	3.4.21.111
1724	2.6.1.77
1725	4.99.1.2
1726	2.7.1.56
1727	2.3.1.17
1728	3.1.3.79
1729	2.7.1.179
1730	4.2.3.6
1731	5.4.99.24
1732	3.2.1.175
1733	3.4.24.67
1734	2.7.2.1
1735	1.1.1.87
1736	2.4.1.4
1737	2.1.1.37
1738	2.7.11.32
1739	2.4.2.8
1740	4.1.3.38
1741	1.17.7.2
1742	1.14.13.208
1743	3.4.24.41
1744	2.7.1.202
1745	3.4.22.41
1746	6.1.1.17
1747	7.4.2.11
1748	2.4.1.88
1749	5.3.1.26
1750	4.2.1.117
1751	4.2.3.117
1752	2.1.1.173
1753	3.1.1.20
1754	4.4.1.4
1755	1.14.16.5
1756	2.1.1.267
1757	1.16.3.2
1758	4.1.1.86
1759	1.5.1.23
1760	6.2.1.45
1761	2.7.8.35
1762	1.13.11.65
1763	3.2.1.55
1764	1.13.11.5
1765	2.5.1.44
1766	2.7.1.190
1767	2.7.8.11
1768	2.5.1.1
1769	1.14.13.236
1770	6.3.1.8
1771	2.3.1.228
1772	1.14.13.181
1773	2.1.1.280
1774	4.2.1.151
1775	1.16.1.1
1776	1.14.14.65
1777	5.4.99.63
1778	2.1.1.303
1779	1.1.3.37
1780	4.2.3.82
1781	1.13.12.2
1782	3.1.1.91
1783	2.4.2.43
1784	1.14.14.89
1785	3.5.4.1
1786	1.20.4.1
1787	1.3.99.33
1788	3.1.4.41
1789	2.4.1.192
1790	4.2.3.86
1791	2.4.1.15
1792	2.3.1.4
1793	1.14.99.44
1794	3.1.3.2
1795	1.14.13.83
1796	5.4.99.31
1797	2.7.4.25
1798	1.14.19.16
1799	2.5.1.27
1800	2.6.1.62
1801	1.14.14.166
1802	5.3.3.5
1803	3.4.24.65
1804	2.3.2.27
1805	3.1.3.95
1806	1.16.1.8
1807	2.3.1.71
1808	1.14.11.61
1809	2.4.1.315
1810	1.12.98.1
1811	1.14.14.99
1812	6.3.2.43
1813	1.3.99.39
1814	1.10.3.11
1815	3.5.1.78
1816	4.3.2.7
1817	2.1.1.273
1818	1.14.11.6
1819	3.2.1.8
1820	1.1.1.236
1821	5.1.2.1
1822	3.1.3.9
1823	3.5.3.12
1824	7.6.2.8
1825	1.14.14.29
1826	3.1.1.31
1827	1.18.1.7
1828	2.7.11.1
1829	2.3.1.299
1830	1.11.1.22
1831	2.3.1.n7
1832	2.7.1.16
1833	2.3.1.234
1834	3.2.1.150
1835	2.1.1.116
1836	1.11.1.23
1837	5.3.4.1
1838	1.1.1.51
1839	3.5.1.126
1840	3.4.13.19
1841	2.5.1.111
1842	2.3.1.12
1843	1.2.1.78
1844	3.5.2.10
1845	2.3.1.53
1846	2.3.1.150
1847	3.5.1.88
1848	4.2.99.18
1849	1.3.8.3
1850	3.7.1.5
1851	4.2.1.146
1852	1.14.19.20
1853	1.1.1.365
1854	4.6.1.23
1855	2.1.1.217
1856	3.4.21.85
1857	4.1.2.22
1858	2.7.1.162
1859	1.1.1.391
1860	2.1.1.245
1861	2.5.1.62
1862	7.2.2.13
1863	4.1.3.32
1864	1.14.12.7
1865	4.1.2.63
1866	3.6.1.56
1867	4.3.1.24
1868	4.1.1.63
1869	2.8.3.5
1870	2.5.1.108
1871	2.7.1.224
1872	2.4.1.300
1873	1.3.3.13
1874	4.2.1.104
1875	3.6.1.12
1876	2.7.7.3
1877	3.5.1.23
1878	3.1.5.1
1879	2.5.1.129
1880	3.4.23.49
1881	4.2.3.23
1882	2.4.2.7
1883	3.2.1.15
1884	2.3.1.187
1885	3.6.1.61
1886	3.1.1.90
1887	2.3.3.9
1888	2.3.2.2
1889	3.4.21.19
1890	2.4.99.2
1891	3.4.16.2
1892	1.1.1.47
1893	2.5.1.97
1894	4.2.3.51
1895	4.2.1.173
1896	2.7.1.146
1897	4.4.1.9
1898	2.8.2.25
1899	3.4.17.22
1900	3.4.16.6
1901	2.3.3.15
1902	2.7.4.27
1903	1.2.1.48
1904	1.14.15.4
1905	3.4.24.72
1906	3.4.13.20
1907	2.6.1.102
1908	2.7.1.12
1909	1.2.1.44
1910	1.13.12.5
1911	6.1.1.27
1912	1.1.1.268
1913	1.5.8.1
1914	2.1.1.344
1915	2.1.1.68
1916	3.5.1.132
1917	1.1.1.60
1918	2.8.2.36
1919	1.1.1.208
1920	4.2.1.138
1921	2.7.1.6
1922	2.4.1.340
1923	2.7.8.34
1924	3.6.1.15
1925	2.3.1.188
1926	2.7.1.180
1927	1.14.14.62
1928	3.2.1.54
1929	2.1.1.270
1930	3.5.2.2
1931	2.1.1.107
1932	3.1.6.1
1933	2.1.1.96
1934	4.1.3.30
1935	2.4.2.38
1936	2.1.1.369
1937	2.5.1.6
1938	1.14.11.24
1939	5.5.1.24
1940	1.3.1.49
1941	1.14.19.6
1942	5.3.1.32
1943	3.1.1.34
1944	3.13.1.4
1945	5.4.99.22
1946	2.7.4.3
1947	1.1.1.257
1948	3.1.1.87
1949	3.5.1.101
1950	2.4.2.24
1951	2.5.1.28
1952	2.3.1.1
1953	5.3.1.9
1954	2.4.1.237
1955	3.2.1.177
1956	3.4.22.15
1957	1.1.98.6
1958	3.4.24.37
1959	5.1.3.6
1960	2.1.1.201
1961	4.1.1.25
1962	2.7.1.71
1963	3.5.4.31
1964	3.7.1.24
1965	6.4.1.3
1966	2.4.1.278
1967	3.4.22.54
1968	2.7.7.67
1969	2.1.1.276
1970	1.4.1.17
1971	2.5.1.150
1972	2.7.8.26
1973	4.2.3.37
1974	6.3.4.3
1975	7.6.2.15
1976	2.6.1.109
1977	2.4.2.41
1978	6.3.2.59
1979	1.14.11.73
1980	1.14.13.29
1981	2.6.1.98
1982	3.2.1.78
1983	2.1.1.340
1984	2.1.1.286
1985	1.1.1.370
1986	3.6.1.73
1987	1.1.1.418
1988	2.3.1.196
1989	5.1.3.40
1990	2.3.1.182
1991	2.1.1.n7
1992	4.2.1.128
1993	5.4.2.12
1994	2.8.2.35
1995	2.4.1.277
1996	3.6.2.1
1997	2.3.1.64
1998	1.3.1.54
1999	2.5.1.60
2000	1.2.1.72
2001	3.4.24.22
2002	3.4.24.35
2003	2.4.1.346
2004	2.1.1.375
2005	1.14.13.228
2006	3.1.3.89
2007	6.1.1.20
2008	1.21.4.1
2009	2.1.1.122
2010	2.3.1.296
2011	1.14.19.47
2012	1.14.15.1
2013	3.1.4.39
2014	2.1.1.259
2015	3.4.22.68
2016	1.2.1.54
2017	1.8.98.7
2018	3.2.1.126
2019	4.2.1.20
2020	2.7.1.11
2021	1.1.1.344
2022	1.13.11.79
2023	6.1.1.14
2024	2.3.1.218
2025	1.5.7.2
2026	2.7.1.127
2027	4.2.2.23
2028	1.1.1.310
2029	2.7.1.91
2030	1.14.14.35
2031	3.2.1.59
2032	5.2.1.1
2033	1.1.1.225
2034	2.3.1.264
2035	2.3.1.78
2036	3.1.2.31
2037	1.14.14.78
2038	1.13.12.9
2039	2.4.1.58
2040	1.7.1.3
2041	2.8.2.14
2042	3.1.1.57
2043	1.13.12.23
2044	1.14.11.40
2045	1.7.2.4
2046	3.4.22.71
2047	6.3.2.36
2048	2.4.1.323
2049	1.14.19.37
2050	2.1.1.357
2051	4.4.1.13
2052	1.2.1.88
2053	4.1.1.117
2054	4.2.1.162
2055	1.14.19.53
2056	4.1.2.57
2057	3.2.1.3
2058	4.2.1.130
2059	1.1.1.119
2060	5.1.1.5
2061	1.1.1.69
2062	2.1.1.189
2063	5.4.4.3
2064	1.14.14.3
2065	1.14.16.7
2066	5.5.1.17
2067	3.5.3.4
2068	4.1.1.15
2069	1.2.99.8
2070	4.2.3.170
2071	2.8.1.14
2072	6.3.4.5
2073	1.17.2.2
2074	2.3.1.25
2075	3.1.3.88
2076	3.4.21.70
2077	2.7.1.72
2078	4.2.3.102
2079	3.2.1.24
2080	1.14.14.102
2081	4.1.1.91
2082	7.2.2.12
2083	2.7.7.30
2084	5.3.99.5
2085	2.4.1.21
2086	2.1.1.308
2087	1.5.1.38
2088	2.6.1.63
2089	1.1.3.13
2090	4.99.1.12
2091	4.2.3.139
2092	1.14.99.57
2093	3.2.2.5
2094	6.3.2.2
2095	1.14.14.54
2096	7.2.1.3
2097	2.3.2.23
2098	1.1.1.243
2099	2.3.1.246
2100	1.1.1.326
2101	1.14.14.139
2102	3.5.1.125
2103	1.14.12.22
2104	1.14.99.50
2105	1.13.11.77
2106	3.1.1.105
2107	3.2.1.22
2108	1.1.1.305
2109	3.1.11.6
2110	1.1.99.32
2111	3.6.1.25
2112	1.2.1.97
2113	6.2.1.50
2114	1.1.1.255
2115	1.14.13.235
2116	5.4.99.53
2117	1.1.1.286
2118	3.1.1.116
2119	4.2.3.32
2120	6.2.1.57
2121	2.5.1.101
2122	4.2.1.75
2123	2.4.1.326
2124	4.2.3.171
2125	1.3.1.22
2126	4.1.1.105
2127	2.7.1.168
2128	1.1.1.352
2129	2.3.1.30
2130	3.2.1.68
2131	3.4.17.14
2132	4.1.2.4
2133	2.4.99.15
2134	2.3.1.57
2135	2.7.11.2
2136	1.11.1.1
2137	1.1.3.48
2138	2.1.1.211
2139	2.3.1.180
2140	2.7.1.208
2141	2.9.1.3
2142	3.2.1.98
2143	2.4.1.90
2144	2.1.1.104
2145	7.1.1.1
2146	1.1.1.42
2147	2.1.1.277
2148	6.2.1.42
2149	2.4.1.142
2150	3.1.3.94
2151	4.2.3.89
2152	2.3.1.84
2153	4.2.1.19
2154	3.4.23.48
2155	1.1.1.144
2156	3.4.21.75
2157	5.5.1.29
2158	6.5.1.6
2159	1.1.1.30
2160	2.4.1.155
2161	4.2.2.6
2162	2.1.1.178
2163	2.3.1.135
2164	4.2.3.93
2165	2.4.1.87
2166	1.14.11.1
2167	2.7.1.100
2168	4.1.1.113
2169	3.4.24.7
2170	2.3.1.89
2171	6.3.2.39
2172	4.1.1.33
2173	2.7.1.66
2174	1.14.14.140
2175	1.3.8.15
2176	1.7.1.1
2177	3.4.17.21
2178	1.14.13.172
2179	2.4.2.57
2180	2.7.2.4
2181	2.5.1.34
2182	1.2.4.4
2183	2.5.1.131
2184	1.5.1.1
2185	1.1.1.100
2186	3.5.1.97
2187	2.3.1.31
2188	1.11.1.21
2189	2.4.1.177
2190	5.1.3.26
2191	1.14.19.21
2192	1.4.1.9
2193	3.4.21.71
2194	2.8.3.22
2195	3.1.1.65
2196	2.4.1.141
2197	6.4.1.4
2198	1.4.3.16
2199	1.1.1.266
2200	2.7.11.26
2201	1.2.1.3
2202	3.4.21.32
2203	1.10.3.1
2204	2.4.1.66
2205	2.5.1.87
2206	3.2.1.179
2207	6.3.1.9
2208	4.2.1.132
2209	2.7.7.59
2210	4.3.1.4
2211	4.1.1.64
2212	3.4.22.65
2213	1.2.1.87
2214	1.5.1.43
2215	2.3.1.39
2216	2.4.1.65
2217	2.7.1.77
2218	3.4.22.8
2219	1.8.7.2
2220	2.3.1.280
2221	3.5.4.5
2222	1.12.1.3
2223	1.14.13.209
2224	1.14.13.226
2225	1.21.3.8
2226	1.2.1.18
2227	1.13.11.48
2228	2.4.1.230
2229	4.99.1.7
2230	4.1.1.47
2231	2.1.3.2
2232	2.4.2.36
2233	4.1.1.37
2234	1.5.1.47
2235	5.1.3.23
2236	1.13.11.69
2237	4.1.2.14
2238	3.2.2.21
2239	4.2.3.132
2240	2.2.1.10
2241	1.14.14.82
2242	2.7.8.28
2243	2.1.2.14
2244	5.4.99.57
2245	2.7.1.103
2246	1.11.1.17
2247	1.1.1.216
2248	3.4.17.4
2249	1.1.1.26
2250	2.7.1.30
2251	6.3.4.20
2252	1.1.5.12
2253	1.14.13.160
2254	2.1.1.187
2255	1.1.1.156
2256	2.1.1.131
2257	4.2.3.34
2258	2.7.7.38
2259	1.14.13.107
2260	5.4.3.8
2261	5.1.3.19
2262	5.5.1.5
2263	2.4.1.211
2264	3.4.22.36
2265	1.14.14.167
2266	2.6.1.38
2267	1.14.11.13
2268	2.4.1.210
2269	1.13.12.6
2270	1.14.14.93
2271	2.5.1.51
2272	2.1.1.356
2273	3.3.2.12
2274	2.5.1.52
2275	4.2.3.33
2276	1.1.5.14
2277	3.6.1.18
2278	4.2.3.167
2279	3.1.1.53
2280	1.3.99.23
2281	1.1.1.16
2282	1.1.3.44
2283	1.14.11.26
2284	6.2.1.22
2285	2.1.1.90
2286	1.6.5.2
2287	4.2.3.24
2288	1.14.11.29
2289	2.3.1.37
2290	3.1.3.103
2291	5.4.99.61
2292	3.4.21.38
2293	4.2.1.39
2294	3.4.17.19
2295	1.14.11.66
2296	2.7.1.177
2297	4.2.3.61
2298	1.3.8.6
2299	3.4.24.78
2300	1.1.1.117
2301	5.4.99.8
2302	2.6.1.83
2303	6.3.1.1
2304	2.7.1.204
2305	1.1.1.130
2306	3.1.3.102
2307	1.1.3.4
2308	2.6.1.112
2309	1.1.1.233
2310	4.1.1.19
2311	3.4.21.21
2312	2.3.1.156
2313	2.4.1.123
2314	6.2.1.26
2315	2.3.2.21
2316	4.2.1.2
2317	1.14.13.101
2318	1.14.13.240
2319	4.4.1.23
2320	3.5.4.38
2321	1.5.3.16
2322	1.1.1.191
2323	1.14.19.1
2324	2.7.7.40
2325	3.4.23.43
2326	1.14.16.4
2327	1.17.7.1
2328	2.6.1.13
2329	2.3.3.16
2330	2.8.1.1
2331	6.1.1.1
2332	3.1.1.102
2333	3.11.1.2
2334	1.14.14.160
2335	1.14.19.35
2336	3.6.1.40
2337	1.1.1.324
2338	2.6.1.73
2339	2.3.1.19
2340	1.13.11.76
2341	1.14.13.81
2342	1.1.1.237
2343	6.3.2.54
2344	2.1.1.238
2345	1.14.20.4
2346	7.1.2.2
2347	5.4.99.26
2348	4.2.1.51
2349	2.3.1.284
2350	1.7.1.14
2351	1.14.14.130
2352	3.2.1.74
2353	2.4.1.195
2354	3.4.22.38
2355	2.3.1.93
2356	3.1.4.52
2357	2.4.1.267
2358	2.1.1.17
2359	2.7.2.7
2360	1.1.1.34
2361	4.1.2.45
2362	1.14.11.74
2363	1.3.1.113
2364	2.7.3.3
2365	4.2.3.16
2366	2.7.11.30
2367	1.14.11.69
2368	3.1.22.1
2369	2.3.1.238
2370	1.6.99.1
2371	2.5.1.148
2372	4.2.1.92
2373	1.14.15.24
2374	3.7.1.23
2375	1.2.7.1
2376	1.14.14.19
2377	6.2.1.71
2378	1.13.11.57
2379	2.4.2.21
2380	3.1.3.101
2381	3.2.1.28
2382	2.1.1.158
2383	3.1.1.96
2384	1.14.13.130
2385	2.4.1.356
2386	2.4.1.27
2387	6.2.1.62
2388	1.14.19.22
2389	1.1.1.169
2390	3.5.4.27
2391	6.3.2.4
2392	3.1.6.12
2393	3.13.1.5
2394	4.1.1.61
2395	2.4.1.213
2396	1.14.14.57
2397	2.1.1.330
2398	2.7.1.182
2399	3.1.3.64
2400	2.1.1.282
2401	5.4.99.49
2402	4.2.1.45
2403	3.2.1.153
2404	2.4.1.254
2405	1.1.99.39
2406	2.4.1.82
2407	3.2.1.106
2408	3.1.3.11
2409	3.1.21.10
2410	1.14.13.131
2411	1.1.1.361
2412	2.3.1.122
2413	1.12.99.6
2414	1.11.1.26
2415	4.2.3.183
2416	1.14.14.148
2417	3.2.2.8
2418	4.3.1.7
2419	2.3.1.75
2420	3.4.18.1
2421	1.2.5.2
2422	3.5.1.81
2423	4.2.3.3
2424	2.3.1.82
2425	3.4.21.4
2426	3.4.19.3
2427	6.3.2.57
2428	2.1.1.n4
2429	2.5.1.96
2430	1.1.99.29
2431	2.4.1.184
2432	1.14.14.13
2433	2.4.1.234
2434	3.1.3.83
2435	3.5.2.5
2436	2.3.1.23
2437	1.1.1.36
2438	2.3.1.50
2439	1.14.13.217
2440	5.1.3.18
2441	3.4.22.56
2442	5.1.1.12
2443	1.14.13.210
2444	2.7.7.5
2445	2.1.2.2
2446	1.14.14.5
2447	1.14.19.33
2448	2.1.1.n8
2449	1.2.1.16
2450	2.5.1.81
2451	3.6.1.72
2452	2.3.1.102
2453	4.2.3.71
2454	2.1.1.257
2455	4.2.1.148
2456	3.8.1.3
2457	1.14.14.145
2458	1.14.14.91
2459	2.1.1.304
2460	1.5.1.33
2461	2.4.1.261
2462	2.3.1.85
2463	4.2.1.110
2464	4.2.1.9
2465	1.1.1.93
2466	1.3.1.90
2467	2.3.1.269
2468	5.4.99.59
2469	3.2.1.119
2470	3.1.1.77
2471	6.2.1.4
2472	2.1.1.227
2473	2.7.8.44
2474	2.6.1.117
2475	3.2.1.49
2476	2.3.1.210
2477	2.6.1.105
2478	1.8.5.2
2479	1.14.13.25
2480	1.1.1.392
2481	1.1.2.6
2482	6.3.5.2
2483	3.1.1.101
2484	1.1.1.331
2485	1.6.2.2
2486	3.6.1.41
2487	1.14.14.63
2488	4.2.3.35
2489	2.7.1.221
2490	1.2.7.7
2491	2.7.7.76
2492	1.14.13.113
2493	3.1.6.8
2494	4.2.3.187
2495	4.2.1.55
2496	2.3.1.298
2497	3.4.21.76
2498	4.1.3.45
2499	1.8.3.6
2500	2.4.2.39
2501	1.14.19.72
2502	1.17.1.9
2503	3.6.5.3
2504	1.1.1.54
2505	2.7.1.130
2506	3.4.17.20
2507	3.1.3.73
2508	7.5.2.12
2509	1.1.5.9
2510	3.6.4.13
2511	3.6.1.66
2512	7.2.2.5
2513	5.5.1.16
2514	1.5.3.21
2515	1.2.3.1
2516	3.5.1.104
2517	2.1.5.1
2518	2.4.2.27
2519	2.1.1.14
2520	1.2.1.101
2521	6.1.3.1
2522	1.3.1.110
2523	5.4.99.27
2524	3.5.1.1
2525	2.4.1.1
2526	2.1.1.71
2527	3.5.5.1
2528	4.2.1.43
2529	2.1.1.50
2530	1.21.3.7
2531	2.7.7.84
2532	2.3.1.285
2533	3.1.3.74
2534	6.3.2.51
2535	4.1.1.12
2536	3.2.1.205
2537	5.4.99.62
2538	3.4.22.30
2539	1.14.14.11
2540	2.1.1.290
2541	2.1.1.2
2542	2.3.1.117
2543	7.5.2.1
2544	1.1.1.295
2545	1.5.1.51
2546	2.7.1.210
2547	1.14.14.154
2548	1.14.14.79
2549	3.3.2.14
2550	1.14.14.159
2551	1.12.98.2
2552	1.1.99.14
2553	2.4.1.135
2554	5.3.3.13
2555	1.1.1.28
2556	1.1.1.262
2557	2.6.1.37
2558	1.1.5.5
2559	6.3.3.7
2560	2.1.1.343
2561	5.3.1.17
2562	1.2.1.71
2563	2.4.2.9
2564	2.1.1.161
2565	1.3.8.13
2566	3.4.22.35
2567	3.5.3.6
2568	1.13.11.61
2569	5.4.2.8
2570	2.1.1.203
2571	4.3.1.29
2572	2.3.1.121
2573	5.4.2.11
2574	1.13.11.51
2575	1.3.99.31
2576	2.5.1.116
2577	1.14.12.17
2578	2.5.1.124
2579	3.6.1.42
2580	1.11.2.1
2581	1.21.98.3
2582	2.7.7.33
2583	4.2.3.106
2584	3.5.5.8
2585	3.2.1.14
2586	3.1.1.111
2587	3.4.21.65
2588	5.4.99.47
2589	1.1.1.294
2590	5.3.3.3
2591	6.4.1.9
2592	1.14.13.189
2593	1.14.13.178
2594	4.2.1.46
2595	3.4.13.4
2596	1.11.1.29
2597	4.2.3.127
2598	1.1.1.312
2599	3.4.21.92
2600	1.14.14.70
2601	3.2.1.93
2602	1.1.1.292
2603	4.2.3.103
2604	1.14.14.27
2605	1.14.18.2
2606	3.2.2.10
2607	5.4.99.42
2608	1.8.4.2
2609	6.2.1.1
2610	1.1.1.334
2611	2.4.1.180
2612	1.1.1.15
2613	4.1.99.2
2614	2.7.7.7
2615	1.14.13.38
2616	7.6.2.2
2617	3.11.1.3
2618	2.7.8.24
2619	6.2.1.8
2620	5.1.2.2
2621	6.3.2.6
2622	2.4.2.40
2623	4.2.3.175
2624	2.3.1.286
2625	3.2.1.118
2626	1.2.1.81
2627	2.7.7.41
2628	2.7.8.47
2629	2.7.1.26
2630	4.2.3.148
2631	2.8.2.17
2632	4.1.1.75
2633	2.6.1.92
2634	6.3.2.8
2635	2.4.1.232
2636	4.2.3.96
2637	4.3.3.6
2638	1.14.99.47
2639	7.5.2.5
2640	2.1.1.41
2641	1.1.1.390
2642	3.6.5.n1
2643	1.6.5.10
2644	3.5.4.25
2645	5.5.1.26
2646	4.2.3.179
2647	2.1.1.200
2648	1.1.1.412
2649	1.14.13.39
2650	3.4.23.23
2651	2.4.1.120
2652	2.6.1.5
2653	1.14.13.23
2654	2.2.1.6
2655	2.7.12.2
2656	1.5.1.41
2657	5.4.99.4
2658	3.1.1.49
2659	1.21.1.1
2660	1.14.11.20
2661	3.5.1.112
2662	1.3.1.1
2663	3.1.2.12
2664	4.1.3.17
2665	2.1.1.130
2666	3.1.4.35
2667	3.4.11.1
2668	4.2.1.175
2669	4.1.1.120
2670	1.4.1.18
2671	2.7.1.45
2672	2.3.2.17
2673	5.3.1.23
2674	2.1.1.230
2675	2.6.1.57
2676	4.2.3.155
2677	2.1.1.237
2678	5.5.1.12
2679	3.4.22.62
2680	1.14.13.222
2681	2.7.1.44
2682	3.6.1.8
2683	3.4.21.25
2684	1.17.9.1
2685	2.7.1.55
2686	3.1.1.24
2687	5.3.1.30
2688	1.5.1.24
2689	4.2.3.68
2690	1.7.2.2
2691	1.97.1.1
2692	2.6.1.110
2693	2.4.1.366
2694	3.6.1.67
2695	3.6.1.22
2696	5.4.99.29
2697	1.13.11.39
2698	6.2.1.59
2699	4.2.3.109
2700	2.9.1.2
2701	1.1.1.105
2702	2.7.1.36
2703	5.1.3.41
2704	2.4.1.81
2705	1.97.1.4
2706	2.1.1.274
2707	2.5.1.58
2708	2.7.7.103
2709	3.2.1.41
2710	2.4.99.8
2711	1.14.14.112
2712	2.3.1.250
2713	5.4.99.50
2714	2.4.1.136
2715	2.4.1.243
2716	1.14.15.29
2717	4.2.3.55
2718	1.3.99.32
2719	5.4.99.21
2720	5.4.99.2
2721	3.5.4.4
2722	1.6.1.1
2723	1.3.1.53
2724	2.1.3.9
2725	3.1.3.53
2726	2.1.1.183
2727	2.1.1.160
2728	2.4.1.64
2729	7.4.2.10
2730	3.4.21.10
2731	1.3.1.72
2732	2.4.1.345
2733	3.1.1.92
2734	1.3.1.48
2735	2.3.3.8
2736	2.7.1.222
2737	7.6.2.7
2738	1.3.7.12
2739	2.1.1.n11
2740	3.5.1.38
2741	1.14.19.62
2742	5.4.99.25
2743	2.3.1.32
2744	4.2.1.7
2745	1.14.13.147
2746	3.2.1.206
2747	4.2.3.123
2748	2.7.7.73
2749	1.1.1.31
2750	4.2.3.92
2751	3.4.11.20
2752	2.3.1.140
2753	4.2.3.135
2754	1.1.1.325
2755	3.4.23.1
2756	2.7.8.2
2757	2.3.1.179
2758	1.3.99.28
2759	2.4.1.38
2760	3.1.3.67
2761	5.3.3.19
2762	2.7.7.51
2763	3.7.1.9
2764	1.1.1.10
2765	3.2.1.135
2766	3.4.21.95
2767	2.4.1.218
2768	1.1.1.424
2769	3.6.4.10
2770	2.3.1.80
2771	3.1.4.54
2772	2.7.1.160
2773	5.3.99.11
2774	4.2.1.18
2775	2.7.1.181
2776	1.7.2.7
2777	2.1.1.301
2778	2.4.1.279
2779	4.2.3.112
2780	3.4.21.90
2781	3.4.11.7
2782	3.1.3.108
2783	5.4.99.44
2784	3.4.24.43
2785	1.1.3.12
2786	5.4.99.38
2787	6.3.5.13
2788	2.7.1.59
2789	2.3.1.42
2790	1.14.14.67
2791	2.1.1.170
2792	2.3.1.302
2793	6.3.1.14
2794	1.13.11.84
2795	4.2.3.184
2796	2.1.4.3
2797	5.3.1.22
2798	3.1.3.56
2799	4.2.99.24
2800	3.1.3.8
2801	2.4.1.92
2802	1.1.1.388
2803	2.7.4.28
2804	2.4.2.28
2805	2.1.2.5
2806	6.3.2.33
2807	1.14.12.25
2808	1.3.7.15
2809	2.6.1.33
2810	2.1.1.7
2811	2.4.1.174
2812	3.1.1.61
2813	5.4.99.19
2814	2.1.1.281
2815	1.14.13.22
2816	1.1.1.195
2817	5.4.4.8
2818	7.1.3.1
2819	7.6.2.3
2820	2.4.1.111
2821	1.13.11.52
2822	1.1.1.366
2823	2.3.1.267
2824	1.1.1.188
2825	2.4.1.170
2826	5.1.1.10
2827	1.15.1.1
2828	3.4.24.15
2829	3.5.4.30
2830	2.4.1.360
2831	2.3.1.171
2832	2.1.2.11
2833	1.13.11.6
2834	3.5.1.119
2835	2.4.1.282
2836	3.1.4.53
2837	1.8.5.1
2838	1.1.1.335
2839	3.13.1.1
2840	2.1.1.89
2841	3.1.3.7
2842	4.2.3.12
2843	5.2.1.13
2844	2.4.1.20
2845	2.4.1.255
2846	1.1.1.267
2847	3.1.3.99
2848	1.13.11.4
2849	3.4.24.26
2850	2.7.1.149
2851	2.4.1.12
2852	5.4.3.5
2853	3.1.21.1
2854	3.1.1.97
2855	2.1.2.1
2856	2.8.1.15
2857	1.14.14.64
2858	3.5.4.10
2859	4.2.1.44
2860	1.4.1.12
2861	1.8.4.10
2862	2.7.1.183
2863	6.3.2.37
2864	4.2.3.80
2865	3.4.21.84
2866	1.18.1.5
2867	3.2.2.4
2868	2.3.1.241
2869	4.1.3.43
2870	4.1.3.40
2871	4.4.1.28
2872	2.1.1.35
2873	6.2.1.5
2874	2.7.11.7
2875	6.1.1.18
2876	4.2.1.68
2877	2.5.1.134
2878	1.1.1.140
2879	3.4.21.35
2880	2.6.1.118
2881	1.14.13.220
2882	3.4.21.97
2883	2.3.1.22
2884	1.1.1.120
2885	3.1.3.6
2886	3.1.1.117
2887	2.4.2.6
2888	3.5.3.7
2889	2.1.1.362
2890	5.3.3.2
2891	2.1.1.197
2892	3.1.3.1
2893	1.17.5.3
2894	3.2.1.99
2895	3.4.22.53
2896	1.17.99.6
2897	4.2.3.59
2898	2.1.1.374
2899	1.23.5.1
2900	2.10.1.1
2901	2.8.2.30
2902	2.8.2.39
2903	1.1.1.197
2904	1.2.1.103
2905	1.14.11.55
2906	3.7.1.2
2907	1.20.4.2
2908	2.1.1.53
2909	3.4.11.21
2910	1.1.1.83
2911	3.1.1.22
2912	1.14.11.35
2913	3.2.2.28
2914	2.5.1.141
2915	2.4.1.251
2916	2.7.1.39
2917	2.3.1.166
2918	1.3.8.14
2919	3.1.7.6
2920	2.3.1.144
2921	2.8.2.22
2922	3.2.1.51
2923	3.1.26.12
2924	2.7.1.199
2925	5.4.2.2
2926	4.1.2.11
2927	1.17.7.3
2928	6.3.3.3
2929	4.2.3.199
2930	3.6.1.45
2931	2.5.1.46
2932	6.1.1.19
2933	1.14.13.16
2934	2.7.7.27
2935	3.4.24.11
2936	4.2.1.164
2937	1.1.99.2
2938	1.1.1.215
2939	3.2.2.9
2940	2.1.4.2
2941	3.2.1.67
2942	2.7.1.106
2943	2.7.7.101
2944	1.5.1.28
2945	1.14.11.9
2946	3.1.3.18
2947	3.2.2.6
2948	4.2.3.181
2949	3.5.1.19
2950	4.2.1.31
2951	3.2.1.156
2952	7.3.2.6
2953	2.8.1.10
2954	2.4.1.291
2955	2.7.4.10
2956	1.1.1.234
2957	2.1.1.33
2958	3.4.23.21
2959	2.4.2.48
2960	2.3.1.79
2961	1.21.99.1
2962	3.1.3.37
2963	2.1.1.69
2964	1.5.1.46
2965	3.4.15.5
2966	3.4.19.14
2967	2.4.1.320
2968	1.14.15.7
2969	4.2.3.99
2970	4.2.99.22
2971	2.7.1.206
2972	1.5.1.52
2973	1.1.1.35
2974	3.2.1.82
2975	2.3.1.207
2976	2.7.1.5
2977	4.1.99.16
2978	2.3.1.8
2979	2.3.1.33
2980	1.1.7.1
2981	2.1.1.269
2982	4.2.3.54
2983	1.1.1.96
2984	5.3.3.14
2985	2.3.1.118
2986	4.4.1.16
2987	4.1.2.13
2988	4.3.1.28
2989	2.6.1.113
2990	4.1.99.22
2991	2.7.9.1
2992	6.5.1.2
2993	2.7.1.159
2994	1.14.19.54
2995	1.1.1.374
2996	2.6.1.21
2997	2.7.7.43
2998	2.6.1.18
2999	7.2.2.6
3000	5.1.3.30
3001	6.3.3.2
3002	3.1.1.106
3003	4.99.1.8
3004	2.4.1.317
3005	2.5.1.106
3006	1.14.13.10
3007	4.99.1.11
3008	1.3.1.85
3009	4.2.1.47
3010	2.4.99.13
3011	2.6.1.27
3012	2.4.1.53
3013	1.7.3.1
3014	2.5.1.9
3015	3.4.22.50
3016	2.7.4.22
3017	1.2.4.1
3018	3.1.4.4
3019	6.2.1.51
3020	2.3.1.74
3021	2.7.7.80
3022	4.2.3.52
3023	2.4.1.336
3024	2.1.1.312
3025	3.4.21.59
3026	4.2.3.56
3027	2.7.7.12
3028	3.4.24.75
3029	4.2.3.173
3030	4.1.1.106
3031	4.1.99.12
3032	5.4.2.4
3033	2.1.1.13
3034	1.14.11.41
3035	2.7.11.12
3036	1.8.1.7
3037	1.1.1.196
3038	1.21.99.5
3039	3.4.22.63
3040	2.3.1.254
3041	1.1.1.303
3042	1.1.2.9
3043	1.14.11.16
3044	4.2.3.57
3045	1.1.1.394
3046	2.1.2.13
3047	3.2.1.122
3048	1.1.1.127
3049	6.3.2.32
3050	3.5.1.98
3051	3.1.3.100
3052	2.4.1.303
3053	4.1.1.31
3054	2.5.1.140
3055	6.2.1.72
3056	5.3.99.8
3057	3.2.1.50
3058	1.3.7.7
3059	4.2.1.32
3060	6.3.2.55
3061	2.5.1.67
3062	3.4.21.101
3063	2.7.1.22
3064	1.4.3.3
3065	2.7.1.29
3066	1.14.13.33
3067	3.1.3.25
3068	1.14.11.7
3069	1.1.1.11
3070	2.4.1.207
3071	1.2.4.2
3072	3.4.19.9
3073	2.4.1.187
3074	4.2.3.88
3075	2.7.1.172
3076	3.4.21.1
3077	1.3.1.93
3078	2.3.1.202
3079	1.3.1.83
3080	3.6.1.63
3081	1.14.15.16
3082	2.8.1.7
3083	1.14.14.26
3084	3.4.23.46
3085	1.13.11.83
3086	2.3.1.242
3087	1.14.14.168
3088	3.2.1.35
3089	1.1.1.397
3090	3.1.2.27
3091	1.2.1.77
3092	3.2.1.151
3093	3.2.1.20
3094	1.3.98.5
3095	2.1.1.314
3096	5.1.3.9
3097	1.4.1.1
3098	2.1.1.311
3099	2.1.1.223
3100	1.3.7.3
3101	5.3.99.6
3102	7.2.2.9
3103	6.3.1.13
3104	1.1.1.288
3105	4.2.1.119
3106	2.4.1.312
3107	3.4.24.31
3108	1.2.1.9
3109	4.2.2.n1
3110	2.1.1.262
3111	1.14.99.54
3112	2.6.1.88
3113	3.1.1.98
3114	2.5.1.72
3115	3.4.11.4
3116	2.7.1.87
3117	2.1.1.324
3118	2.3.1.15
3119	2.7.1.176
3120	2.3.1.97
3121	2.8.2.2
3122	4.2.3.76
3123	3.4.22.44
3124	4.2.1.143
3125	3.4.23.39
3126	2.7.6.2
3127	2.3.1.108
3128	1.4.3.22
3129	3.4.21.45
3130	1.1.99.24
3131	1.14.11.18
3132	2.6.1.7
3133	5.4.99.9
3134	1.1.1.264
3135	5.5.1.27
3136	2.1.1.359
3137	2.7.1.121
3138	1.2.1.28
3139	2.1.1.141
3140	3.4.21.61
3141	2.5.1.151
3142	2.5.1.152
3143	1.2.3.15
3144	1.1.5.8
3145	4.2.3.17
3146	1.1.1.103
3147	1.13.11.56
3148	4.3.1.30
3149	1.6.5.7
3150	2.1.1.348
3151	1.3.1.101
3152	2.1.1.295
3153	1.3.7.5
3154	2.1.1.28
3155	1.8.5.8
3156	2.4.99.14
3157	2.7.8.41
3158	7.2.4.5
3159	3.7.1.12
3160	3.5.4.39
3161	1.23.1.1
3162	2.4.1.22
3163	2.7.1.95
3164	3.5.1.24
3165	2.1.1.42
3166	1.1.1.413
3167	1.14.13.69
3168	1.2.7.3
3169	3.5.1.56
3170	4.6.1.2
3171	4.2.1.133
3172	2.4.1.351
3173	1.14.15.33
3174	2.7.10.1
3175	2.7.1.83
3176	3.4.21.37
3177	6.3.1.18
3178	2.5.1.90
3179	5.4.1.4
3180	3.1.8.1
3181	2.7.8.38
3182	2.1.1.47
3183	3.6.1.58
3184	1.1.1.384
3185	2.6.1.29
3186	2.6.99.2
3187	3.4.21.80
3188	5.1.3.34
3189	2.7.7.61
3190	1.4.4.2
3191	4.1.2.27
3192	2.1.1.148
3193	1.3.5.3
3194	2.7.1.158
3195	1.3.7.11
3196	2.3.2.20
3197	4.2.1.106
3198	3.6.1.1
3199	2.5.1.147
3200	4.1.2.50
3201	2.5.1.88
3202	2.7.7.83
3203	3.5.1.41
3204	1.17.98.2
3205	2.7.11.27
3206	4.2.3.194
3207	4.2.3.180
3208	2.1.1.225
3209	2.4.99.12
3210	2.6.99.3
3211	1.14.11.43
3212	1.1.1.149
3213	3.5.1.47
3214	1.3.99.36
3215	2.1.1.331
3216	3.4.24.38
3217	3.4.23.40
3218	3.2.1.4
3219	3.2.1.123
3220	2.4.1.185
3221	1.1.1.319
3222	2.1.1.49
3223	3.1.3.104
3224	3.4.21.12
3225	1.1.2.3
3226	4.2.3.157
3227	1.14.14.157
3228	1.1.1.200
3229	3.1.3.15
3230	1.1.3.17
3231	2.7.4.7
3232	2.4.1.201
3233	2.4.1.86
3234	2.1.1.248
3235	3.5.4.35
3236	1.1.1.45
3237	2.2.1.13
3238	3.5.1.74
3239	4.2.3.196
3240	1.6.2.6
3241	2.1.1.347
3242	1.3.99.5
3243	3.4.22.51
3244	3.1.2.11
3245	1.2.1.46
3246	1.1.1.419
3247	3.7.1.13
3248	4.2.3.21
3249	1.3.1.98
3250	1.1.1.244
3251	5.1.1.18
3252	6.2.1.2
3253	2.1.3.12
3254	1.14.14.14
3255	1.1.1.27
3256	3.2.1.91
3257	2.4.1.318
3258	1.1.3.38
3259	3.4.21.47
3260	4.2.1.135
3261	4.1.99.20
3262	4.2.1.70
3263	3.1.13.5
3264	3.5.1.59
3265	1.1.1.223
3266	5.5.1.25
3267	1.5.3.19
3268	1.7.2.6
3269	5.1.1.7
3270	7.3.2.5
3271	4.2.2.22
3272	1.14.20.15
3273	2.8.4.3
3274	2.4.1.116
3275	2.5.1.3
3276	2.4.99.1
3277	1.8.4.8
3278	2.6.1.94
3279	2.4.1.246
3280	2.4.2.30
3281	2.1.1.159
3282	5.3.1.27
3283	2.5.1.80
3284	1.2.3.3
3285	3.5.1.53
3286	5.1.99.6
3287	3.5.1.12
3288	2.6.1.34
3289	3.2.1.157
3290	2.4.1.148
3291	1.3.2.3
3292	2.4.1.266
3293	1.13.11.82
3294	2.7.1.169
3295	1.2.1.5
3296	3.2.1.204
3297	2.1.1.192
3298	5.5.1.8
3299	1.5.3.14
3300	2.1.1.95
3301	7.6.2.14
3302	1.1.3.42
3303	2.3.2.13
3304	4.2.3.124
3305	4.2.1.83
3306	3.5.2.3
3307	3.4.19.13
3308	3.5.1.113
3309	4.2.1.59
3310	2.3.1.200
3311	3.1.4.43
3312	2.1.1.188
3313	1.13.11.25
3314	1.1.1.29
3315	1.14.13.146
3316	4.2.1.54
3317	4.1.1.29
3318	4.2.3.113
3319	4.2.1.95
3320	3.1.21.5
3321	3.2.1.21
3322	4.2.2.14
3323	2.1.1.185
3324	3.4.21.42
3325	4.4.1.11
3326	1.5.8.3
3327	3.2.1.136
3328	3.4.21.50
3329	3.4.14.2
3330	3.1.3.48
3331	5.2.1.4
3332	1.14.11.76
3333	2.3.1.262
3334	3.5.1.114
3335	4.2.1.141
3336	6.2.1.53
3337	2.1.1.63
3338	5.4.99.33
3339	3.4.22.57
3340	1.14.19.17
3341	1.14.13.170
3342	1.1.1.329
3343	2.5.1.65
3344	4.1.1.77
3345	2.7.1.21
3346	3.4.23.52
3347	3.5.3.15
3348	1.13.11.2
3349	4.2.1.91
3350	2.4.1.40
3351	4.1.2.62
3352	1.14.15.22
3353	2.7.11.31
3354	3.4.23.19
3355	1.3.1.105
3356	7.6.2.9
3357	2.6.1.35
3358	4.2.1.56
3359	2.7.1.145
3360	2.1.1.243
3361	2.4.1.292
3362	2.1.1.291
3363	6.3.2.49
3364	1.14.12.11
3365	4.1.1.22
3366	1.14.14.77
3367	1.1.1.136
3368	2.4.1.241
3369	2.4.1.271
3370	2.7.1.215
3371	3.1.4.59
3372	1.21.4.3
3373	3.1.1.68
3374	2.7.1.7
3375	2.1.1.372
3376	1.14.14.119
3377	5.3.3.10
3378	1.5.3.1
3379	5.5.1.15
3380	4.2.1.105
3381	1.1.1.311
3382	3.2.1.152
3383	2.1.1.278
3384	1.4.3.5
3385	3.4.21.100
3386	1.3.5.1
3387	2.4.1.289
3388	1.3.7.6
3389	5.3.3.17
3390	5.4.99.36
3391	2.5.1.84
3392	1.2.1.91
3393	1.3.1.89
3394	4.2.3.192
3395	4.2.1.40
3396	4.1.99.13
3397	1.11.1.28
3398	3.2.1.84
3399	3.4.23.35
3400	3.4.23.16
3401	3.1.30.2
3402	1.14.13.168
3403	1.3.1.6
3404	3.5.4.33
3405	4.1.2.52
3406	5.4.99.60
3407	1.1.5.4
3408	3.2.1.107
3409	1.14.13.227
3410	3.4.21.105
3411	4.2.99.20
3412	3.4.17.17
3413	2.7.8.15
3414	3.1.13.4
3415	4.2.1.12
3416	3.4.21.39
3417	3.4.21.106
3418	2.4.1.270
3419	4.6.1.16
3420	2.4.1.67
3421	1.14.13.8
3422	2.8.2.20
3423	2.8.2.27
3424	1.1.1.95
3425	2.3.1.110
3426	3.4.22.67
3427	1.1.1.313
3428	1.1.1.284
3429	4.2.1.139
3430	3.1.1.109
3431	1.14.11.8
3432	2.4.2.18
3433	2.1.1.86
3434	3.4.24.44
3435	2.6.1.87
3436	4.6.1.21
3437	2.7.1.186
3438	3.2.1.36
3439	2.7.8.12
3440	1.14.15.3
3441	6.3.4.9
3442	2.3.2.15
3443	1.1.1.327
3444	4.2.3.38
3445	2.8.4.2
3446	1.1.1.65
3447	5.6.1.7
3448	4.4.1.15
3449	1.1.5.3
3450	2.4.1.281
3451	3.4.17.18
3452	3.4.21.78
3453	1.14.13.232
3454	7.3.2.1
3455	2.7.8.22
3456	4.2.3.182
3457	6.3.5.12
3458	1.12.5.1
3459	2.7.1.151
3460	3.5.1.107
3461	4.2.3.143
3462	4.2.3.98
3463	1.8.2.4
3464	1.14.14.59
3465	5.4.2.13
3466	3.2.2.30
3467	1.14.19.26
3468	2.4.99.21
3469	3.5.1.90
3470	2.4.99.17
3471	1.14.15.23
3472	1.1.99.3
3473	2.5.1.74
3474	4.3.1.32
3475	1.14.12.19
3476	2.3.2.30
3477	1.1.1.368
3478	4.3.2.6
3479	2.7.1.64
3480	6.3.4.11
3481	1.2.1.n2
3482	1.1.1.389
3483	2.1.1.307
3484	3.7.1.21
3485	2.5.1.123
3486	1.1.1.408
3487	4.3.2.1
3488	1.3.1.116
3489	1.1.1.341
3490	1.11.1.10
3491	1.1.3.47
3492	1.1.1.203
3493	2.1.1.216
3494	2.3.1.46
3495	2.1.1.114
3496	2.1.1.228
3497	3.2.1.113
3498	4.1.99.5
3499	2.4.1.99
3500	2.3.1.277
3501	3.5.1.30
3502	1.7.2.3
3503	2.7.11.5
3504	4.2.3.66
3505	5.1.3.2
3506	2.3.1.35
3507	3.7.1.20
3508	7.1.1.3
3509	3.5.1.129
3510	4.2.3.53
3511	2.7.7.52
3512	2.4.2.63
3513	5.1.3.33
3514	3.5.1.5
3515	2.7.11.17
3516	4.1.1.4
3517	2.1.1.110
3518	5.1.1.15
3519	1.14.99.61
3520	1.1.1.359
3521	1.6.2.4
3522	1.14.99.59
3523	1.5.3.15
3524	1.14.15.34
3525	3.1.3.27
3526	1.3.1.44
3527	4.2.3.134
3528	1.1.1.49
3529	2.7.1.193
3530	5.4.99.45
3531	3.5.4.36
3532	2.3.1.20
3533	6.3.2.17
3534	1.17.5.2
3535	3.2.1.76
3536	2.4.1.319
3537	1.14.13.24
3538	2.7.7.91
3539	5.5.1.35
3540	2.1.1.172
3541	4.1.99.11
3542	4.1.99.25
3543	4.1.2.46
3544	2.3.1.65
3545	6.3.3.6
3546	2.7.7.31
3547	4.4.1.1
3548	1.14.14.143
3549	3.1.1.76
3550	1.8.2.2
3551	3.5.1.n3
3552	4.3.1.1
3553	2.7.1.68
3554	2.1.1.365
3555	1.3.1.95
3556	1.1.1.232
3557	1.2.7.4
3558	3.2.1.70
3559	4.2.3.159
3560	2.3.1.249
3561	2.3.2.8
3562	1.5.1.45
3563	3.1.1.80
3564	1.4.1.2
3565	4.2.1.100
3566	2.3.1.36
3567	3.4.19.15
3568	1.1.1.245
3569	7.1.1.8
3570	1.1.3.29
3571	3.1.1.88
3572	2.1.1.355
3573	4.2.99.23
3574	4.1.3.1
3575	2.6.1.51
3576	3.2.2.29
3577	1.14.13.148
3578	2.7.11.14
3579	2.7.1.94
3580	1.14.14.158
3581	1.1.1.194
3582	2.4.1.161
3583	1.1.1.184
3584	2.3.1.178
3585	2.7.3.1
3586	1.1.1.338
3587	1.8.1.14
3588	3.5.4.42
3589	1.1.1.17
3590	4.2.3.49
3591	2.2.1.9
3592	2.4.2.12
3593	2.7.4.24
3594	1.3.98.7
3595	2.1.1.346
3596	4.2.3.138
3597	2.3.1.16
3598	2.1.1.351
3599	4.3.1.17
3600	2.7.7.47
3601	2.4.2.59
3602	2.7.4.33
3603	2.7.7.9
3604	1.14.19.19
3605	2.4.1.250
3606	6.1.1.16
3607	3.4.21.108
3608	3.4.23.45
3609	1.14.12.3
3610	1.14.19.75
3611	2.1.1.288
3612	1.14.11.54
3613	1.14.99.64
3614	4.2.1.3
3615	3.1.2.5
3616	2.4.1.242
3617	2.5.1.30
3618	1.8.1.16
3619	2.1.1.244
3620	5.5.1.6
3621	4.2.2.19
3622	1.14.14.134
3623	3.4.11.24
3624	4.2.1.144
3625	5.3.1.6
3626	3.2.1.64
3627	1.1.1.385
3628	2.3.1.137
3629	1.14.13.127
3630	3.5.1.60
3631	4.2.3.195
3632	1.1.1.219
3633	3.4.14.4
3634	6.2.1.n2
3635	4.1.1.5
3636	1.2.5.1
3637	4.2.3.119
3638	1.1.1.356
3639	4.2.1.170
3640	4.2.1.108
3641	4.2.1.109
3642	3.4.21.48
3643	1.14.14.73
3644	3.1.3.24
3645	5.1.3.27
3646	2.7.8.6
3647	7.5.2.6
3648	4.1.1.101
3649	3.4.22.34
3650	2.4.1.238
3651	2.3.3.1
3652	7.6.2.12
3653	1.14.14.47
3654	2.4.1.85
3655	2.3.1.86
3656	2.3.1.215
3657	3.2.1.57
3658	1.14.18.11
3659	2.5.1.120
3660	1.14.14.141
3661	2.4.1.337
3662	2.1.1.140
3663	5.1.3.10
3664	1.3.99.26
3665	2.4.2.49
3666	2.5.1.36
3667	2.7.1.174
3668	1.14.11.38
3669	1.14.14.85
3670	1.1.1.406
3671	2.1.1.111
3672	4.6.1.14
3673	2.8.1.16
3674	3.1.2.4
3675	1.13.11.72
3676	2.7.3.9
3677	2.8.4.5
3678	2.7.1.24
3679	1.14.20.3
3680	3.4.21.20
3681	4.1.1.107
3682	4.6.1.15
3683	5.4.2.9
3684	1.1.1.350
3685	7.6.2.1
3686	4.1.2.51
3687	1.1.1.353
3688	2.4.1.182
3689	2.8.3.26
3690	7.6.2.5
3691	4.3.3.2
3692	4.3.1.2
3693	2.7.7.106
3694	2.1.1.144
3695	1.18.1.2
3696	2.1.1.256
3697	3.1.2.1
3698	4.2.1.79
3699	2.7.7.18
3700	1.14.14.161
3701	3.4.23.38
3702	3.1.4.11
3703	4.1.3.41
3704	3.4.24.20
3705	2.4.2.14
3706	2.4.1.47
3707	2.7.1.164
3708	3.2.1.72
3709	1.1.1.41
3710	5.1.2.7
3711	1.4.1.11
3712	3.4.21.66
3713	2.1.1.226
3714	2.7.7.23
3715	3.2.1.208
3716	4.2.3.48
3717	2.5.1.127
3718	1.1.1.135
3719	1.1.1.269
3720	3.5.1.52
3721	1.3.98.6
3722	1.14.11.63
3723	1.1.98.7
3724	1.3.1.106
3725	3.4.19.11
3726	1.1.1.414
3727	6.3.1.15
3728	1.1.1.57
3729	1.14.14.121
3730	1.14.14.138
3731	2.7.8.40
3732	1.14.11.17
3733	1.5.3.17
3734	2.4.1.70
3735	2.3.1.243
3736	4.6.1.20
3737	7.1.1.9
3738	2.4.1.347
3739	2.4.1.54
3740	4.2.1.161
3741	2.4.2.54
3742	2.3.1.87
3743	2.1.1.94
3744	1.7.1.13
3745	2.4.1.275
3746	1.1.1.141
3747	1.8.2.3
3748	5.3.1.3
3749	3.5.1.6
3750	6.5.1.1
3751	1.3.1.21
3752	6.3.2.13
3753	3.1.26.n2
3754	4.2.3.108
3755	3.4.24.33
3756	1.14.11.48
3757	2.5.1.29
3758	1.3.1.45
3759	3.2.1.172
3760	6.3.2.56
3761	3.5.1.127
3762	2.4.1.10
3763	2.1.1.310
3764	3.5.4.3
3765	3.1.3.43
3766	1.1.1.76
3767	2.3.1.n4
3768	4.2.1.112
3769	3.2.1.10
3770	4.2.3.178
3771	5.1.3.15
3772	1.14.11.44
3773	4.1.1.94
3774	4.2.1.114
3775	2.7.1.140
3776	1.1.1.24
3777	2.3.3.3
3778	3.4.23.41
3779	4.4.1.5
3780	2.4.1.280
3781	2.6.1.79
3782	1.14.20.1
3783	3.5.4.43
3784	2.7.1.185
3785	2.8.3.19
3786	2.7.7.8
3787	2.4.1.147
3788	1.1.1.46
3789	3.4.21.53
3790	4.2.1.41
3791	2.1.1.285
3792	4.1.1.95
3793	1.14.13.82
3794	4.2.3.158
3795	3.5.1.62
3796	3.4.23.25
3797	3.2.1.96
3798	1.14.13.2
3799	2.4.1.259
3800	2.5.1.104
3801	3.7.1.17
3802	1.14.11.60
3803	1.1.1.398
3804	3.7.1.27
3805	1.1.1.409
3806	6.2.1.65
3807	6.4.1.6
3808	1.1.1.67
3809	4.1.2.29
3810	2.8.3.12
3811	1.1.9.1
3812	1.1.1.21
3813	1.14.14.84
3814	5.4.4.2
3815	3.4.24.59
3816	1.1.1.8
3817	5.5.1.4
3818	1.5.1.40
3819	2.5.1.69
3820	3.2.1.105
3821	3.1.26.4
3822	4.3.1.27
3823	5.4.99.23
3824	3.5.99.5
3825	1.5.3.6
3826	5.1.99.1
3827	2.6.1.1
3828	2.6.1.39
3829	2.5.1.26
3830	2.3.1.203
3831	2.4.1.256
3832	3.2.1.147
3833	3.11.1.1
3834	1.5.1.25
3835	5.1.3.1
3836	3.2.1.155
3837	5.4.2.6
3838	6.3.2.9
3839	2.7.7.82
3840	3.4.21.41
3841	2.4.1.194
3842	2.3.1.136
3843	1.14.14.17
3844	1.14.19.43
3845	2.1.1.338
3846	6.4.1.2
3847	4.3.1.19
3848	1.14.14.39
3849	1.1.1.309
3850	4.2.3.20
3851	2.1.1.65
3852	5.1.3.3
3853	3.2.1.139
3854	3.4.24.17
3855	5.4.99.48
3856	3.4.24.85
3857	1.1.1.333
3858	2.7.1.134
3859	1.2.99.10
3860	2.5.1.31
3861	5.1.3.22
3862	4.2.1.69
3863	3.4.21.117
3864	4.1.3.16
3865	1.4.3.20
3866	1.17.7.4
3867	1.1.1.320
3868	1.11.1.5
3869	1.4.3.24
3870	1.3.1.58
3871	2.4.1.330
3872	6.3.5.7
3873	4.2.3.111
3874	2.7.7.6
3875	1.1.1.3
3876	1.3.1.2
3877	5.3.1.34
3878	4.2.3.101
3879	3.4.21.86
3880	3.5.1.96
3881	6.2.1.44
3882	2.4.1.229
3883	1.3.1.82
3884	6.4.1.1
3885	5.4.99.30
3886	2.4.1.68
3887	1.5.1.6
3888	1.13.11.78
3889	4.2.3.25
3890	2.7.1.32
3891	1.13.11.11
3892	3.4.24.86
3893	2.6.1.100
3894	2.7.1.15
3895	2.1.1.79
3896	1.2.1.19
3897	2.4.1.102
3898	2.1.1.241
3899	3.5.1.110
3900	2.4.1.46
3901	2.5.1.85
3902	1.8.1.2
3903	1.14.19.52
3904	2.1.1.177
3905	3.1.6.2
3906	2.4.1.302
3907	1.8.5.6
3908	5.3.1.36
3909	3.5.2.6
3910	2.4.1.145
3911	2.1.1.196
3912	4.1.2.43
3913	2.7.7.96
3914	2.3.1.176
3915	1.5.1.36
3916	2.7.9.3
3917	1.4.1.25
3918	3.4.22.1
3919	5.4.99.20
3920	1.1.1.153
3921	3.1.3.54
3922	2.4.1.227
3923	3.1.26.11
3924	1.17.4.4
3925	2.4.1.311
3926	2.3.1.60
3927	1.11.1.11
3928	1.1.99.41
3929	1.14.14.9
3930	1.14.13.9
3931	2.3.1.45
3932	2.7.3.13
3933	5.4.99.46
3934	2.7.8.n3
3935	1.14.14.72
3936	7.5.2.10
3937	4.1.2.56
3938	6.3.2.29
3939	4.3.2.8
3940	3.1.1.94
3941	3.4.24.28
3942	3.1.2.30
3943	1.14.11.37
3944	4.1.3.3
3945	2.4.1.258
3946	4.4.1.22
3947	1.14.19.38
3948	3.5.1.133
3949	4.1.1.84
3950	2.3.2.25
3951	4.1.1.9
3952	4.2.3.141
3953	3.4.24.29
3954	1.14.14.80
3955	5.3.1.4
3956	2.3.1.273
3957	5.5.1.2
3958	2.1.1.305
3959	1.2.1.82
3960	3.5.3.17
3961	2.4.1.175
3962	1.14.20.9
3963	3.1.6.4
3964	2.8.2.21
3965	4.2.1.8
3966	1.14.99.68
3967	1.11.1.24
3968	2.1.1.127
3969	1.14.15.11
3970	1.14.12.24
3971	2.1.1.287
3972	2.3.1.256
3973	4.1.2.21
3974	1.1.1.291
3975	1.13.11.47
3976	2.5.1.117
3977	2.3.1.181
3978	2.5.1.45
3979	2.7.1.196
3980	4.2.3.152
3981	4.2.3.164
3982	2.1.1.266
3983	3.4.11.2
3984	6.6.1.1
3985	1.2.1.84
3986	4.1.3.6
3987	1.8.7.3
3988	1.2.1.41
3989	1.14.14.88
3990	3.4.24.18
3991	6.3.2.n3
3992	6.3.1.2
3993	2.1.1.337
3994	3.9.1.1
3995	1.1.1.347
3996	2.7.1.105
3997	1.2.1.26
3998	2.8.3.13
3999	2.7.2.8
4000	3.5.1.4
4001	1.1.1.192
4002	3.5.99.7
4003	2.3.2.3
4004	4.2.3.116
4005	1.8.7.1
4006	3.1.3.91
4007	2.7.7.65
4008	2.4.1.245
4009	3.4.24.50
4010	2.6.1.44
4011	4.2.3.79
4012	4.2.1.93
4013	1.1.1.285
4014	1.1.1.190
4015	3.5.1.14
4016	1.13.11.20
4017	1.14.14.176
4018	4.2.3.7
4019	2.7.1.90
4020	4.1.1.110
4021	3.6.1.26
4022	2.1.1.250
4023	4.2.2.10
4024	5.1.3.42
4025	5.1.1.2
4026	3.1.3.68
4027	2.7.11.22
4028	2.1.1.255
4029	3.1.4.37
4030	1.1.3.10
4031	5.3.99.9
4032	2.5.1.122
4033	3.2.1.85
4034	5.1.3.29
4035	1.1.1.271
4036	3.2.1.58
4037	5.3.3.8
4038	1.3.3.11
4039	3.2.1.75
4040	1.13.11.63
4041	1.17.2.3
4042	2.4.2.2
4043	2.4.1.133
4044	3.1.1.56
4045	6.2.1.27
4046	1.3.1.103
4047	2.4.1.313
4048	3.4.25.2
4049	2.4.1.361
4050	1.1.99.13
4051	2.7.7.90
4052	1.14.14.162
4053	3.4.14.5
4054	1.14.14.151
4055	5.1.99.4
4056	2.2.1.12
4057	6.2.1.19
4058	2.4.1.129
4059	3.2.1.129
4060	3.3.2.6
4061	1.14.20.10
4062	1.14.15.32
4063	2.1.1.231
4064	1.8.98.2
4065	1.13.12.3
4066	4.2.3.185
4067	1.14.19.n5
4068	3.5.1.91
4069	2.1.1.74
4070	1.14.14.132
4071	2.7.4.29
4072	2.3.1.206
4073	2.1.2.8
4074	4.4.1.3
4075	1.3.1.3
4076	4.2.1.126
4077	5.5.1.1
4078	2.3.1.162
4079	2.4.1.299
4080	4.1.1.83
4081	3.1.1.83
4082	3.2.2.23
4083	2.7.1.1
4084	2.4.1.308
4085	1.3.99.37
4086	2.7.11.13
4087	2.4.1.239
4088	1.14.11.53
4089	2.6.1.40
4090	2.3.2.10
4091	4.2.3.36
4092	3.4.22.60
4093	1.3.1.56
4094	2.3.1.230
4095	1.14.13.92
4096	1.14.14.92
4097	4.2.3.67
4098	2.1.1.80
4099	2.5.1.59
4100	1.17.8.1
4101	4.99.1.9
4102	3.4.17.15
4103	2.3.1.129
4104	1.1.1.265
4105	1.14.19.65
4106	2.5.1.73
4107	1.1.1.250
4108	3.4.24.80
4109	1.13.12.19
4110	1.1.1.317
4111	2.7.1.43
4112	1.14.19.3
4113	7.5.2.4
4114	3.1.26.5
4115	5.5.1.23
4116	1.14.13.216
4117	3.1.6.13
4118	2.4.1.252
4119	2.7.1.51
4120	2.7.8.8
4121	1.13.11.19
4122	2.7.1.227
4123	2.4.1.226
4124	1.13.11.50
4125	6.2.1.54
4126	1.14.13.167
4127	1.2.1.76
4128	4.2.1.163
4129	3.1.3.80
4130	1.1.1.133
4131	3.2.2.24
4132	1.14.14.50
4133	3.2.1.80
4134	1.8.3.4
4135	2.1.1.102
4136	2.4.1.304
4137	1.1.1.318
4138	1.3.8.2
4139	5.4.99.67
4140	1.10.3.15
4141	3.1.1.72
4142	2.7.1.33
4143	1.18.1.4
4144	2.8.3.23
4145	2.8.3.21
4146	1.14.13.231
4147	5.1.1.13
4148	1.2.1.10
4149	2.7.7.79
4150	2.3.1.177
4151	1.1.1.170
4152	1.3.4.1
4153	1.4.1.26
4154	1.14.18.6
4155	3.1.1.7
4156	1.5.1.20
4157	1.1.1.77
4158	3.5.1.76
4159	3.1.31.1
4160	2.5.1.105
4161	2.7.4.21
4162	3.4.21.119
4163	4.1.1.81
4164	4.2.3.73
4165	2.1.1.323
4166	1.3.7.2
4167	6.1.1.4
4168	3.1.3.3
4169	3.5.1.48
4170	4.2.1.127
4171	2.3.1.247
4172	4.2.2.17
4173	4.1.1.116
4174	3.4.21.116
4175	1.1.1.337
4176	4.1.1.36
4177	3.6.1.65
4178	2.6.1.80
4179	3.5.1.93
4180	7.2.2.20
4181	3.2.1.200
4182	3.9.1.2
4183	4.1.1.8
4184	2.6.1.97
4185	3.1.1.8
4186	4.1.1.68
4187	2.7.1.201
4188	2.4.2.17
4189	5.1.3.37
4190	2.3.1.278
4191	1.5.1.8
4192	1.11.1.19
4193	6.2.1.n3
4194	1.8.1.20
4195	3.1.1.81
4196	2.4.1.219
4197	1.4.3.1
4198	3.4.24.58
4199	2.3.1.81
4200	1.14.13.224
4201	5.3.1.5
4202	3.4.24.89
4203	1.5.3.10
4204	4.2.3.114
4205	3.7.1.18
4206	3.6.1.74
4207	4.1.3.34
4208	3.4.21.9
4209	2.5.1.153
4210	2.1.1.320
4211	5.4.99.41
4212	4.2.3.39
4213	2.1.1.335
4214	2.1.1.166
4215	3.2.1.94
4216	1.14.19.9
4217	3.1.1.89
4218	5.1.3.20
4219	2.6.1.9
4220	1.4.3.13
4221	2.8.1.9
4222	3.5.1.25
4223	1.14.13.182
4224	3.1.8.2
4225	3.2.1.48
4226	3.1.21.7
4227	2.4.1.216
4228	4.4.1.21
4229	6.2.1.20
4230	2.3.1.151
4231	2.4.1.19
4232	1.14.14.44
4233	4.2.2.21
4234	1.14.13.179
4235	2.1.1.136
4236	2.4.1.283
4237	3.2.1.199
4238	1.3.1.25
4239	6.3.4.19
4240	2.9.1.1
4241	4.2.1.5
4242	1.14.14.69
4243	2.5.1.91
4244	3.2.1.164
4245	2.4.1.244
4246	2.1.1.60
4247	4.3.3.5
4248	1.23.1.3
4249	1.14.14.43
4250	1.3.1.24
4251	1.7.2.5
4252	1.1.1.209
4253	2.7.1.14
4254	1.1.1.108
4255	6.3.1.5
4256	1.1.1.56
4257	2.1.1.339
4258	3.6.1.17
4259	1.10.5.1
4260	2.7.7.68
4261	1.14.14.131
4262	2.1.1.354
4263	3.6.4.12
4264	3.1.3.29
4265	1.3.99.n1
4266	2.3.1.24
4267	1.1.1.85
4268	4.2.3.128
4269	3.4.21.36
4270	1.14.99.48
4271	6.2.1.14
4272	3.4.21.104
4273	1.1.1.400
4274	1.2.1.65
4275	2.7.1.191
4276	6.3.2.12
4277	2.7.1.192
4278	1.14.13.154
4279	2.5.1.20
4280	3.4.17.12
4281	3.4.17.2
4282	1.4.9.2
4283	4.1.1.112
4284	3.1.2.14
4285	2.7.7.46
4286	1.14.11.32
4287	3.5.4.11
4288	2.6.1.3
4289	2.4.1.368
4290	2.1.1.298
4291	1.13.11.27
4292	7.2.4.1
4293	2.4.1.353
4294	2.5.1.92
4295	2.7.6.3
4296	1.14.11.21
4297	2.5.1.68
4298	1.14.11.2
4299	1.1.1.183
4300	1.13.11.46
4301	1.8.99.5
4302	4.3.3.7
4303	2.1.1.6
4304	1.14.19.2
4305	3.4.22.25
4306	4.2.1.66
4307	1.3.1.74
4308	3.1.1.104
4309	1.7.1.2
4310	2.7.1.214
4311	3.4.24.40
4312	1.1.1.218
4313	1.1.3.46
4314	4.2.3.91
4315	2.7.1.49
4316	3.1.1.47
4317	3.4.14.11
4318	2.3.2.31
4319	2.4.1.26
4320	1.3.1.94
4321	3.13.1.6
4322	3.2.1.52
4323	2.3.1.217
4324	1.14.14.133
4325	5.3.2.5
4326	3.4.21.5
4327	2.5.1.103
4328	2.3.2.36
4329	2.5.1.86
4330	4.6.1.1
4331	4.3.1.9
4332	1.14.19.73
4333	7.2.2.10
4334	1.2.1.58
4335	2.5.1.15
4336	3.4.22.64
4337	1.13.99.1
4338	2.4.1.263
4339	4.2.1.168
4340	1.17.1.5
4341	1.14.12.18
4342	5.6.1.1
4343	2.7.8.46
4344	4.2.3.188
4345	2.5.1.100
4346	1.14.14.41
4347	1.3.8.8
4348	2.7.6.1
4349	1.14.14.124
4350	1.14.12.13
4351	2.4.1.222
4352	1.1.1.210
4353	2.7.7.77
4354	5.3.1.13
4355	1.14.11.59
4356	2.4.1.198
4357	1.14.19.56
4358	1.14.19.67
4359	1.14.14.37
4360	1.3.1.29
4361	5.5.1.14
4362	1.14.15.18
4363	3.13.1.9
4364	2.1.1.319
4365	3.1.1.108
4366	6.1.1.21
4367	2.7.7.50
4368	1.1.1.381
4369	2.8.2.n2
4370	3.2.2.19
4371	2.5.1.48
4372	1.21.98.2
4373	3.4.21.22
4374	2.4.1.370
4375	2.3.1.282
4376	3.4.23.20
4377	3.5.1.28
4378	4.2.1.94
4379	2.3.1.7
4380	1.2.1.62
4381	1.19.1.1
4382	3.1.11.3
4383	2.3.1.231
4384	2.1.1.263
4385	1.5.1.39
4386	2.3.1.204
4387	5.4.99.65
4388	3.4.21.7
4389	1.1.1.386
4390	2.1.1.260
4391	2.4.1.325
4392	3.4.23.42
4393	1.3.3.3
4394	1.8.5.3
4395	1.6.3.5
4396	1.14.99.60
4397	3.4.21.74
4398	3.2.2.16
4399	5.2.1.14
4400	1.13.11.55
4401	2.8.2.8
4402	2.1.1.9
4403	2.1.1.202
4404	2.4.2.44
4405	1.3.1.122
4406	5.3.1.15
4407	2.7.7.15
4408	3.5.1.128
4409	2.7.1.207
4410	3.5.99.11
4411	2.3.1.253
4412	4.2.2.24
4413	3.4.23.51
4414	1.1.1.38
4415	2.5.1.144
4416	2.7.1.218
4417	1.1.1.107
4418	2.4.1.342
4419	1.1.1.211
4420	2.4.1.11
4421	2.6.1.52
4422	5.3.99.7
4423	4.2.3.204
4424	3.1.3.70
4425	4.2.3.190
4426	1.13.11.8
4427	1.3.1.12
4428	2.4.99.16
4429	2.3.3.20
4430	3.1.4.56
4431	2.1.1.8
4432	2.3.1.133
4433	3.4.24.83
4434	4.1.1.46
4435	1.14.99.46
4436	2.1.1.46
4437	1.2.1.32
4438	2.3.1.255
4439	3.4.21.118
4440	2.1.1.1
4441	1.2.7.8
4442	2.4.1.212
4443	2.1.1.195
4444	3.1.3.36
4445	1.2.1.4
4446	1.14.99.38
4447	2.7.1.60
4448	3.6.1.62
4449	1.14.16.1
4450	2.3.2.32
4451	1.2.7.12
4452	5.3.1.29
4453	2.8.3.20
4454	2.3.1.146
4455	1.14.19.69
4456	5.4.99.54
4457	2.8.3.18
4458	7.2.1.1
4459	3.2.1.37
4460	2.1.1.317
4461	2.7.11.33
4462	3.1.4.38
4463	2.3.1.54
4464	1.14.13.50
4465	1.3.1.36
4466	6.3.1.6
4467	2.3.1.211
4468	3.5.1.32
4469	1.20.4.4
4470	1.14.19.4
4471	2.1.1.240
4472	3.6.1.21
4473	1.14.99.29
4474	3.4.24.70
4475	4.3.2.10
4476	1.1.1.342
4477	4.2.3.15
4478	4.2.1.134
4479	1.5.98.2
4480	1.3.1.86
4481	1.1.1.162
4482	2.8.2.33
4483	1.14.99.1
4484	1.13.11.53
4485	1.8.99.2
4486	2.7.4.1
4487	2.3.1.43
4488	4.2.3.84
4489	3.1.4.55
4490	2.7.1.53
4491	5.3.3.18
4492	1.1.1.52
4493	4.1.2.10
4494	7.3.2.3
4495	3.4.24.48
4496	4.2.3.166
4497	1.1.1.179
4498	2.4.1.115
4499	1.14.14.137
4500	2.4.1.316
4501	3.4.16.4
4502	3.1.4.45
4503	6.3.2.31
4504	2.1.1.5
4505	1.2.7.5
4506	3.4.21.120
4507	4.2.1.85
4508	3.5.1.124
4509	2.4.1.69
4510	3.1.3.12
4511	2.1.1.167
4512	4.1.1.6
4513	4.2.3.100
4514	1.3.1.42
4515	5.3.2.8
4516	2.4.1.286
4517	3.5.3.25
4518	2.1.1.208
4519	3.4.24.27
4520	2.7.7.2
4521	3.2.1.209
4522	2.1.1.284
4523	1.5.1.7
4524	2.3.1.209
4525	2.4.1.202
4526	1.14.14.95
4527	3.1.7.11
4528	1.14.11.62
4529	1.7.2.8
4530	2.1.1.342
4531	1.4.3.4
4532	1.14.99.69
4533	1.17.4.1
4534	1.14.14.10
4535	2.3.1.193
4536	3.4.21.63
4537	2.3.1.164
4538	1.14.14.126
4539	1.14.14.122
4540	2.1.1.224
4541	2.4.1.364
4542	1.3.99.16
4543	3.5.1.87
4544	7.2.2.7
4545	1.13.11.43
4546	7.2.2.1
4547	5.3.99.4
4548	3.2.1.214
4549	2.7.11.15
4550	4.2.2.12
4551	4.3.99.4
4552	2.7.1.74
4553	3.2.1.180
4554	2.7.11.8
4555	1.2.1.64
4556	3.2.2.27
4557	5.1.2.3
4558	1.13.12.21
4559	2.2.1.2
4560	2.3.3.13
4561	1.3.99.27
4562	2.7.4.8
4563	5.6.2.1
4564	2.7.1.213
4565	3.5.1.117
4566	1.1.1.193
4567	2.4.1.159
4568	1.2.1.90
4569	1.14.20.5
4570	1.3.1.31
4571	2.8.3.10
4572	1.1.1.401
4573	1.14.13.20
4574	2.6.1.48
4575	2.5.1.107
4576	2.4.1.359
4577	4.5.1.3
4578	1.1.1.48
4579	2.7.7.72
4580	2.4.1.248
4581	6.2.1.30
4582	2.3.1.220
4583	2.7.1.48
4584	3.1.4.17
4585	3.4.14.10
4586	3.4.16.5
4587	7.3.2.4
4588	1.1.1.n11
4589	4.99.1.1
4590	2.1.1.15
4591	2.6.1.76
4592	5.1.1.21
4593	1.8.5.7
4594	2.4.1.293
4595	2.1.1.209
4596	2.1.1.99
4597	2.1.1.38
4598	2.6.1.119
4599	1.1.1.176
4600	7.5.2.8
4601	1.14.13.111
4602	2.4.1.17
4603	2.4.1.203
4604	2.1.1.34
4605	2.3.1.229
4606	3.1.4.46
4607	1.14.13.196
4608	3.4.22.31
4609	5.1.3.4
4610	3.2.1.181
4611	3.3.2.1
4612	2.4.1.128
4613	6.2.1.39
4614	4.1.1.104
4615	2.2.1.7
4616	2.4.1.186
4617	3.5.4.19
4618	2.4.1.272
4619	2.6.1.42
4620	2.7.8.31
4621	1.14.13.180
4622	3.4.21.77
4623	1.14.14.115
4624	3.1.3.4
4625	1.5.8.4
4626	3.6.1.64
4627	2.3.1.174
4628	4.2.3.136
4629	6.3.2.52
4630	3.1.3.86
4631	2.1.1.222
4632	6.2.1.3
4633	1.2.7.6
4634	2.4.1.257
4635	1.1.3.16
4636	7.4.2.12
4637	2.1.1.360
4638	3.6.1.68
4639	2.7.1.23
4640	2.1.1.289
4641	4.1.2.38
4642	3.4.21.103
4643	2.1.1.157
4644	2.4.99.9
4645	3.4.24.84
4646	1.1.99.1
4647	2.5.1.18
4648	1.3.1.20
4649	1.5.1.34
4650	3.1.3.97
4651	1.14.14.118
4652	1.4.3.19
4653	2.4.1.37
4654	2.8.3.25
4655	3.4.22.43
4656	1.14.11.49
4657	2.6.1.90
4658	1.14.14.97
4659	1.2.1.98
4660	3.2.1.183
4661	2.7.3.2
4662	3.5.4.28
4663	1.14.11.67
4664	2.6.1.85
4665	2.7.1.166
4666	3.5.1.82
4667	2.4.1.143
4668	2.1.1.366
4669	1.13.12.20
4670	1.21.4.5
4671	1.1.1.124
4672	2.4.1.152
4673	4.2.1.140
4674	3.3.2.8
4675	2.3.1.168
4676	2.7.1.161
4677	1.5.99.14
4678	1.8.3.7
4679	1.14.14.38
4680	4.4.1.34
4681	2.4.2.42
4682	1.1.2.7
4683	2.3.1.297
4684	3.5.4.16
4685	6.1.1.3
4686	1.14.19.8
4687	6.2.1.43
4688	6.1.1.2
4689	3.5.2.1
4690	4.2.3.60
4691	4.2.1.99
4692	2.7.7.104
4693	5.4.99.55
4694	6.1.1.6
4695	1.16.3.1
4696	3.2.2.22
4697	4.2.1.149
4698	2.5.1.49
4699	4.2.2.1
4700	2.1.1.292
4701	3.5.1.99
4702	2.4.1.221
4703	1.8.98.5
4704	1.2.1.73
4705	4.1.99.1
4706	1.1.1.2
4707	1.5.99.12
4708	4.1.2.40
4709	1.14.14.120
4710	1.3.8.1
4711	3.1.1.85
4712	4.1.2.42
4713	5.3.1.33
4714	3.1.1.29
4715	1.14.99.58
4716	2.8.1.8
4717	3.4.13.18
4718	2.2.1.8
4719	3.4.23.12
4720	1.14.19.39
4721	1.1.1.9
4722	3.5.2.12
4723	1.3.1.77
4724	2.4.1.321
4725	1.14.15.8
4726	2.4.1.284
4727	2.4.1.365
4728	1.21.3.1
4729	2.7.7.71
4730	5.4.3.6
4731	2.1.1.234
4732	3.1.1.114
4733	1.11.2.3
4734	5.4.3.9
4735	3.3.2.13
4736	2.1.1.204
4737	4.1.1.98
4738	3.5.1.42
4739	2.4.1.215
4740	3.5.3.8
4741	1.1.1.12
4742	2.7.8.5
4743	2.5.1.41
4744	3.1.1.3
4745	2.7.1.3
4746	3.5.4.23
4747	3.4.22.37
4748	2.8.5.1
4749	4.3.1.12
4750	1.1.1.110
4751	1.1.1.202
4752	3.1.1.14
4753	4.2.1.152
4754	3.4.21.93
4755	3.4.19.12
4756	2.5.1.79
4757	1.14.14.165
4758	3.4.24.76
4759	4.2.3.2
4760	2.6.1.108
4761	2.6.1.101
4762	1.14.14.149
4763	2.4.1.348
4764	3.4.22.59
4765	2.8.2.29
4766	2.4.1.285
4767	6.2.1.15
4768	3.5.99.9
4769	6.4.1.7
4770	1.14.13.59
4771	1.1.1.371
4772	2.3.1.103
4773	4.2.1.30
4774	2.3.1.274
4775	1.1.1.82
4776	1.1.3.45
4777	1.23.1.2
4778	3.4.24.30
4779	1.1.1.145
4780	2.4.1.9
4781	1.3.98.4
4782	2.7.10.2
4783	1.1.1.349
4784	2.3.1.161
4785	2.6.1.78
4786	4.2.3.169
4787	3.2.1.103
4788	2.7.8.32
4789	3.2.1.86
4790	2.4.1.247
4791	3.5.4.45
4792	4.1.1.76
4793	2.4.1.117
4794	4.2.1.42
4795	3.5.3.1
4796	1.21.99.4
4797	3.4.23.32
4798	4.5.1.1
4799	1.8.98.1
4800	2.1.1.279
4801	3.1.4.57
4802	1.5.1.50
4803	2.7.8.20
4804	3.3.1.2
4805	4.2.3.4
4806	4.3.1.18
4807	4.1.2.19
4808	3.4.22.55
4809	6.4.1.8
4810	2.1.1.206
4811	3.4.21.26
4812	4.2.3.150
4813	3.5.1.89
4814	3.4.24.23
4815	2.1.1.302
4816	3.8.1.8
4817	2.3.1.259
4818	2.3.1.283
4819	1.8.1.15
4820	4.1.1.103
4821	2.3.1.233
4822	2.7.1.20
4823	2.4.1.310
4824	4.2.1.147
4825	1.1.1.403
4826	7.6.2.10
4827	6.3.5.3
4828	2.3.1.175
4829	4.6.1.19
4830	3.4.22.2
4831	6.3.2.7
4832	1.14.17.4
4833	2.4.1.126
4834	1.1.99.18
4835	3.4.24.21
4836	2.6.1.36
4837	1.14.18.3
4838	4.1.2.28
4839	3.1.1.79
4840	7.2.2.11
4841	4.1.3.25
4842	2.7.1.184
4843	2.3.2.16
4844	3.4.17.3
4845	1.1.1.205
4846	3.4.24.39
4847	2.7.1.89
4848	4.2.3.28
4849	2.7.11.11
4850	4.2.3.162
4851	5.4.99.32
4852	3.5.2.9
4853	2.6.1.93
4854	2.6.1.104
4855	2.7.7.53
4856	2.5.1.47
4857	2.1.1.61
4858	1.5.1.10
4859	2.1.1.174
4860	5.4.4.7
4861	3.2.1.162
4862	3.1.1.107
4863	6.3.2.48
4864	4.2.3.197
4865	1.13.11.54
4866	6.2.1.46
4867	3.5.1.134
4868	1.1.1.79
4869	4.2.2.26
4870	1.3.3.15
4871	1.14.14.56
4872	1.21.98.1
4873	1.4.9.1
4874	6.5.1.8
4875	2.6.1.45
4876	3.5.1.106
4877	2.3.1.29
4878	1.11.1.9
4879	2.3.1.216
4880	2.7.7.86
4881	1.2.1.21
4882	4.2.1.84
4883	3.5.1.77
4884	4.2.1.17
4885	4.2.1.6
4886	1.7.1.17
4887	5.1.3.24
4888	4.1.2.58
4889	1.14.14.177
4890	3.1.4.12
4891	1.14.15.28
4892	3.4.14.9
4893	1.1.99.30
4894	4.1.3.36
4895	1.3.8.10
4896	4.1.2.54
4897	1.1.1.n12
4898	1.1.1.6
4899	3.5.1.102
4900	2.8.2.1
4901	4.1.3.44
4902	1.97.1.12
4903	1.14.19.76
4904	2.3.1.279
4905	2.3.1.294
4906	1.14.15.6
4907	2.7.1.40
4908	1.11.1.14
4909	2.7.1.198
4910	3.1.1.13
4911	3.1.3.45
4912	1.3.1.108
4913	5.3.1.1
4914	3.4.22.27
4915	1.1.99.22
4916	2.3.1.223
4917	6.2.1.12
4918	2.3.1.40
4919	4.2.1.80
4920	3.4.22.52
4921	2.5.1.63
4922	2.7.7.64
4923	1.13.11.1
4924	2.3.1.9
4925	4.2.1.53
4926	2.1.1.77
4927	2.3.2.19
4928	2.3.3.10
4929	2.1.1.214
4930	1.2.1.36
4931	2.4.1.367
4932	1.1.1.355
4933	2.3.1.48
4934	3.4.24.49
4935	1.10.3.3
4936	2.7.1.220
4937	3.5.1.116
4938	1.1.1.4
4939	2.4.1.369
4940	3.5.2.20
4941	2.7.1.35
4942	2.7.2.11
4943	3.2.1.1
4944	6.2.1.35
4945	3.5.3.9
4946	2.5.1.94
4947	2.6.1.30
4948	5.3.1.8
4949	2.7.1.195
4950	2.7.1.219
4951	4.2.3.29
4952	3.1.2.20
4953	4.2.1.90
4954	1.8.4.11
4955	2.3.1.41
4956	4.2.3.165
4957	6.3.2.11
4958	2.3.2.24
4959	4.2.1.65
4960	2.5.1.98
4961	4.1.2.53
4962	1.5.1.15
4963	1.2.1.59
4964	1.7.2.1
4965	4.2.3.87
4966	2.4.1.83
4967	4.2.3.172
4968	2.4.1.290
4969	1.1.1.405
4970	2.3.1.51
4971	1.1.1.393
4972	1.14.14.75
4973	2.6.1.95
4974	2.4.1.173
4975	2.5.1.57
4976	2.4.1.41
4977	5.4.2.7
4978	2.5.1.66
4979	3.2.1.207
4980	1.1.1.168
4981	1.13.11.34
4982	4.2.3.156
4983	1.18.1.3
4984	3.5.1.15
4985	6.2.1.34
4986	1.1.1.53
4987	1.4.3.23
4988	7.5.2.13
4989	1.5.5.1
4990	1.13.11.66
4991	4.2.1.49
4992	3.1.2.32
4993	2.1.1.184
4994	7.1.2.1
4995	1.1.1.363
4996	1.3.1.28
4997	1.1.1.14
4998	3.4.21.102
4999	1.14.18.10
5000	4.2.2.25
5001	1.14.19.18
5002	2.1.1.315
5003	1.5.5.2
5004	5.1.1.4
5005	1.14.14.12
5006	3.6.1.54
5007	2.7.4.13
5008	1.11.1.7
5009	3.5.5.7
5010	3.6.1.31
5011	2.7.7.87
5012	2.5.1.25
5013	1.1.1.354
5014	3.1.3.16
5015	2.5.1.2
5016	4.6.1.17
5017	3.4.21.54
5018	4.1.2.55
5019	2.3.1.92
5020	4.2.3.129
5021	1.5.1.42
5022	1.13.12.4
5023	1.4.3.21
5024	1.14.19.66
5025	2.5.1.110
5026	2.4.1.56
5027	2.1.1.327
5028	2.4.1.273
5029	2.7.7.74
5030	1.14.14.23
5031	3.5.3.24
5032	1.1.1.86
5033	1.3.3.4
5034	1.14.14.46
5035	1.1.1.299
5036	6.3.2.30
5037	6.3.1.20
5038	1.4.1.3
5039	1.14.13.233
5040	1.11.1.12
5041	1.1.5.11
5042	2.3.1.208
5043	3.1.1.28
5044	5.4.99.7
5045	1.14.14.111
5046	2.5.1.149
5047	5.1.1.23
5048	6.5.1.4
5049	1.2.3.4
5050	3.7.1.25
5051	1.2.7.10
5052	3.5.1.16
5053	3.3.2.15
5054	1.5.1.49
5055	2.8.1.4
5056	4.2.3.77
5057	2.1.1.229
5058	3.6.1.9
5059	4.2.3.46
5060	3.1.7.2
5061	3.5.1.44
5062	4.2.3.85
5063	1.1.1.263
5064	1.14.14.107
5065	1.16.1.10
5066	2.4.1.354
5067	2.4.2.22
5068	1.14.16.2
5069	1.14.14.150
5070	1.5.1.30
5071	3.1.3.87
5072	6.2.1.48
5073	1.14.18.9
5074	3.5.2.18
5075	1.1.1.175
5076	1.1.1.282
5077	1.8.4.14
5078	1.1.3.20
5079	2.4.1.228
5080	1.1.1.358
5081	4.4.1.25
5082	6.3.5.11
5083	3.4.17.23
5084	2.7.1.81
5085	4.1.1.79
5086	4.3.1.16
5087	4.4.1.19
5088	2.1.3.11
5089	4.2.3.189
5090	5.1.1.3
5091	3.4.22.6
5092	4.2.3.125
5093	2.5.1.55
5094	3.4.21.64
5095	1.14.14.49
5096	1.14.15.31
5097	2.7.8.39
5098	1.11.2.4
5099	6.3.5.4
5100	1.7.7.1
5101	2.7.7.n6
5102	2.7.7.60
5103	3.1.1.95
5104	1.1.1.44
5105	4.1.3.27
5106	2.8.2.24
5107	1.1.1.306
5108	2.5.1.126
5109	2.7.1.173
5110	3.1.4.3
5111	2.7.1.216
5112	1.1.1.346
5113	1.14.14.113
5114	5.4.99.40
5115	1.4.7.1
5116	2.5.1.39
5117	2.1.1.163
5118	3.1.1.6
5119	7.4.2.8
5120	1.2.1.86
5121	2.4.1.335
5122	1.6.3.4
5123	4.4.1.20
5124	1.14.14.42
5125	4.1.1.39
5126	3.4.23.36
5127	2.1.1.143
5128	3.5.1.103
5129	7.1.1.2
5130	3.6.1.59
5131	4.2.1.11
5132	5.1.3.17
5133	6.3.2.20
5134	6.3.1.17
5135	3.4.23.44
5136	3.5.1.121
5137	4.2.1.154
5138	5.3.3.12
5139	1.3.1.14
5140	3.4.21.55
5141	2.7.7.49
5142	2.1.1.88
5143	2.7.1.232
5144	5.3.1.14
5145	1.1.1.362
5146	2.1.1.164
5147	3.2.1.132
5148	2.5.1.76
5149	1.1.1.369
5150	3.2.1.n1
5151	2.3.1.257
5152	2.7.1.63
5153	1.8.98.3
5154	4.1.2.20
5155	2.3.1.184
5156	3.4.23.3
5157	6.2.1.41
5158	3.4.24.42
5159	6.1.1.10
5160	3.1.3.76
5161	7.2.2.14
5162	1.14.14.8
5163	1.8.1.9
5164	3.1.3.77
5165	2.6.1.82
5166	1.1.1.290
5167	1.8.1.4
5168	4.1.2.34
5169	1.14.14.117
5170	1.1.1.91
5171	2.4.1.288
5172	4.2.3.107
5173	1.1.1.81
5174	6.2.1.17
5175	3.4.11.5
5176	1.14.14.155
5177	1.14.12.12
5178	3.5.4.12
5179	4.4.1.2
5180	1.11.1.18
5181	6.1.2.2
5182	2.6.1.50
5183	3.3.2.2
5184	1.7.5.1
5185	2.4.1.223
5186	1.14.99.39
5187	1.1.1.80
5188	2.1.1.59
5189	1.13.11.70
5190	2.7.7.42
5191	3.1.4.44
5192	6.5.1.5
5193	1.5.1.27
5194	3.2.1.39
5195	1.2.1.39
5196	2.7.8.29
5197	3.4.11.23
5198	4.1.1.87
5199	2.4.1.18
5200	1.3.1.39
5201	3.1.26.3
5202	2.1.1.218
5203	2.7.7.70
5204	2.4.2.29
5205	2.7.11.16
5206	3.5.3.18
5207	4.2.3.110
5208	5.2.1.8
5209	2.4.99.3
5210	3.6.1.11
5211	4.2.3.42
5212	5.4.1.3
5213	2.7.7.75
5214	5.1.3.5
5215	2.5.1.82
5216	3.1.3.33
5217	3.2.1.133
5218	1.1.1.252
5219	5.4.99.58
5220	1.14.19.11
5221	2.4.2.37
5222	1.14.14.86
5223	4.2.1.116
5224	1.2.7.11
5225	4.2.3.65
5226	2.3.1.21
5227	2.7.11.24
5228	7.4.2.1
5229	3.6.1.27
5230	4.1.99.24
5231	1.1.1.61
5232	2.1.1.212
5233	3.1.3.62
5234	6.3.2.41
5235	7.3.2.2
5236	2.3.1.222
5237	3.4.21.79
5238	1.14.14.53
5239	2.7.1.187
5240	3.4.22.58
5241	1.14.11.57
